gene,gene_id,C3_log2FC,C3_padj,literature_P,literature_M,literature_E,literature_A,literature_I,regenerative_context,fibrotic_context,evidence_level,evidence_class,supporting_study_ids,notes
HGF,ENSG00000019991,3.64507584738765,1.0789520995683199e-217,NOT_ASSESSED,NOT_ASSESSED,NOT_ASSESSED,NOT_ASSESSED,NOT_ASSESSED,NOT_ASSESSED,NOT_ASSESSED,INSUFFICIENT,HYPOTHESIS,NA,No gene-specific functional evidence in screened external primary studies; C3 differential expression alone does not establish function.
ETV1,ENSG00000006468,3.21176867161981,7.89758784364812e-202,DIRECT,NOT_ASSESSED,INDIRECT,NOT_ASSESSED,NOT_ASSESSED,NOT_ASSESSED,INDIRECT,DIRECT,SAME_DATASET,P00,P00 reports ETV1 perturbation/FGF2-linked fibroblast response in the same primary study; not independent validation of C3. ECM/scar link is indirect.
TOP2A,ENSG00000131747,2.04659042245814,4.10078251424144e-172,NOT_ASSESSED,NOT_ASSESSED,NOT_ASSESSED,NOT_ASSESSED,NOT_ASSESSED,NOT_ASSESSED,NOT_ASSESSED,INSUFFICIENT,HYPOTHESIS,NA,No gene-specific functional evidence in screened external primary studies; C3 differential expression alone does not establish function.
NBL1,ENSG00000158747,1.97829700049533,7.844349577404079e-160,NOT_ASSESSED,NOT_ASSESSED,NOT_ASSESSED,NOT_ASSESSED,NOT_ASSESSED,NOT_ASSESSED,NOT_ASSESSED,INSUFFICIENT,HYPOTHESIS,NA,No gene-specific functional evidence in screened external primary studies; C3 differential expression alone does not establish function.
HMGA2,ENSG00000149948,2.05360680842025,3.04293239696745e-157,NOT_ASSESSED,NOT_ASSESSED,NOT_ASSESSED,NOT_ASSESSED,NOT_ASSESSED,NOT_ASSESSED,NOT_ASSESSED,INSUFFICIENT,HYPOTHESIS,NA,No gene-specific functional evidence in screened external primary studies; C3 differential expression alone does not establish function.
PHLDA1,ENSG00000139289,2.63524881606522,1.65527569887694e-137,NOT_ASSESSED,NOT_ASSESSED,NOT_ASSESSED,NOT_ASSESSED,NOT_ASSESSED,NOT_ASSESSED,NOT_ASSESSED,INSUFFICIENT,HYPOTHESIS,NA,No gene-specific functional evidence in screened external primary studies; C3 differential expression alone does not establish function.
SLC14A1,ENSG00000141469,2.63297094398759,3.6695293936604197e-135,NOT_ASSESSED,NOT_ASSESSED,NOT_ASSESSED,NOT_ASSESSED,NOT_ASSESSED,NOT_ASSESSED,NOT_ASSESSED,INSUFFICIENT,HYPOTHESIS,NA,No gene-specific functional evidence in screened external primary studies; C3 differential expression alone does not establish function.
CENPF,ENSG00000117724,2.07871822760373,2.95045633520522e-133,NOT_ASSESSED,NOT_ASSESSED,NOT_ASSESSED,NOT_ASSESSED,NOT_ASSESSED,NOT_ASSESSED,NOT_ASSESSED,INSUFFICIENT,HYPOTHESIS,NA,No gene-specific functional evidence in screened external primary studies; C3 differential expression alone does not establish function.
ANPEP,ENSG00000166825,2.20936074176172,1.68636740264189e-131,NOT_ASSESSED,NOT_ASSESSED,NOT_ASSESSED,NOT_ASSESSED,NOT_ASSESSED,NOT_ASSESSED,NOT_ASSESSED,INSUFFICIENT,HYPOTHESIS,NA,No gene-specific functional evidence in screened external primary studies; C3 differential expression alone does not establish function.
PSAT1,ENSG00000135069,-3.19764510588164,0.0,NOT_ASSESSED,NOT_ASSESSED,NOT_ASSESSED,NOT_ASSESSED,NOT_ASSESSED,NOT_ASSESSED,NOT_ASSESSED,INSUFFICIENT,HYPOTHESIS,NA,No gene-specific functional evidence in screened external primary studies; C3 differential expression alone does not establish function.
CCDC80,ENSG00000091986,-2.63088650135553,1.5811858187752e-186,NOT_ASSESSED,NOT_ASSESSED,NOT_ASSESSED,NOT_ASSESSED,NOT_ASSESSED,NOT_ASSESSED,NOT_ASSESSED,INSUFFICIENT,HYPOTHESIS,NA,No gene-specific functional evidence in screened external primary studies; C3 differential expression alone does not establish function.
TAGLN,ENSG00000149591,-2.21590134620823,8.692698775993039e-185,NOT_ASSESSED,NOT_ASSESSED,NOT_ASSESSED,NOT_ASSESSED,NOT_ASSESSED,NOT_ASSESSED,NOT_ASSESSED,INDIRECT,INDEPENDENT_EXTERNAL_EVIDENCE,L10,L10 lists Tagln as a pericyte cluster marker in mouse wound scRNA-seq; cell-type context differs from EXP001 fibroblasts and does not establish wound-repair direction.
OXTR,ENSG00000180914,-3.03403893983508,2.6149536065079797e-175,NOT_ASSESSED,NOT_ASSESSED,NOT_ASSESSED,NOT_ASSESSED,NOT_ASSESSED,NOT_ASSESSED,NOT_ASSESSED,INSUFFICIENT,HYPOTHESIS,NA,No gene-specific functional evidence in screened external primary studies; C3 differential expression alone does not establish function.
GFRA1,ENSG00000151892,-5.03243370558231,5.11425691633628e-172,NOT_ASSESSED,NOT_ASSESSED,NOT_ASSESSED,NOT_ASSESSED,NOT_ASSESSED,NOT_ASSESSED,NOT_ASSESSED,INSUFFICIENT,HYPOTHESIS,NA,No gene-specific functional evidence in screened external primary studies; C3 differential expression alone does not establish function.
IGFBP5,ENSG00000115461,-2.39193215492658,7.9298399039342e-171,NOT_ASSESSED,NOT_ASSESSED,NOT_ASSESSED,NOT_ASSESSED,NOT_ASSESSED,NOT_ASSESSED,NOT_ASSESSED,INSUFFICIENT,HYPOTHESIS,NA,No gene-specific functional evidence in screened external primary studies; C3 differential expression alone does not establish function.
GRIA1,ENSG00000155511,-2.32985734097431,1.1610896467921001e-156,NOT_ASSESSED,NOT_ASSESSED,NOT_ASSESSED,NOT_ASSESSED,NOT_ASSESSED,NOT_ASSESSED,NOT_ASSESSED,INSUFFICIENT,HYPOTHESIS,NA,No gene-specific functional evidence in screened external primary studies; C3 differential expression alone does not establish function.
ADM2,ENSG00000128165,-3.88461662465379,2.4617917518885603e-154,NOT_ASSESSED,NOT_ASSESSED,NOT_ASSESSED,NOT_ASSESSED,NOT_ASSESSED,NOT_ASSESSED,NOT_ASSESSED,INSUFFICIENT,HYPOTHESIS,NA,No gene-specific functional evidence in screened external primary studies; C3 differential expression alone does not establish function.
SLC7A11,ENSG00000151012,-2.14794437903315,1.41306910416516e-150,NOT_ASSESSED,NOT_ASSESSED,NOT_ASSESSED,NOT_ASSESSED,NOT_ASSESSED,NOT_ASSESSED,NOT_ASSESSED,INSUFFICIENT,HYPOTHESIS,NA,No gene-specific functional evidence in screened external primary studies; C3 differential expression alone does not establish function.
SEMA3D,ENSG00000153993,-4.63037552314633,4.91448673951567e-146,NOT_ASSESSED,NOT_ASSESSED,NOT_ASSESSED,NOT_ASSESSED,NOT_ASSESSED,NOT_ASSESSED,NOT_ASSESSED,INSUFFICIENT,HYPOTHESIS,NA,No gene-specific functional evidence in screened external primary studies; C3 differential expression alone does not establish function.
