"gene_id","CTRL_72h_1","CTRL_72h_2","CTRL_72h_3","ECEV_72h_1","ECEV_72h_2","ECEV_72h_3"
"ENSG00000135069",12.4109377071908,12.4947533609208,12.6158055689992,9.61789092377457,9.54028905811907,9.6188644865656
"ENSG00000019991",9.02800825859102,8.91365187875307,8.81642191416266,12.2133128697808,11.84648533874,12.1927158782566
"ENSG00000006468",8.5176302071003,8.65859591914936,8.49328542322867,11.1305292192991,11.1113451378432,11.2759770558679
"ENSG00000091986",15.0263166071981,15.0584987559526,15.270453978139,12.3907798582829,12.6607263718022,12.5111393182768
"ENSG00000149591",12.7718381603131,12.8356383131591,12.8241427912064,10.6965571676559,10.7997826033088,10.6174472387695
"ENSG00000180914",10.714604660304,10.8528088011002,10.8081983054935,8.38714592886138,8.46807893749526,8.38007184112407
"ENSG00000131747",10.6767483343535,10.7424803446835,10.7756141156116,12.6523842491351,12.6294425528207,12.7340874195187
"ENSG00000151892",10.3181691818142,10.3292890958938,10.5037845970662,7.11955715491298,7.42315344514725,7.29690552450784
"ENSG00000115461",14.5256089989857,14.5455236537031,14.4431159576292,12.3298755713987,12.0401290601686,12.0794745642423
"ENSG00000158747",12.2803300147836,12.2729441282235,12.1732632104924,14.2665973850084,14.0900335639708,14.1939819333503
"ENSG00000149948",10.4964595211542,10.5477135898997,10.4715617982956,12.4916071762763,12.3449876173951,12.4672894146857
"ENSG00000155511",11.672154266014,11.7133733401558,11.8146540897531,9.64968159863757,9.71822217100187,9.56255547721166
"ENSG00000128165",10.0687590497699,10.151738661197,10.2327442486325,7.58761460951675,7.64171265587322,7.60039255836244
"ENSG00000151012",12.1545639951822,12.1181006412367,12.1874620989837,10.0743644289667,10.2747798365243,10.1404099545871
"ENSG00000153993",10.1758450809473,10.2427373657548,10.3361742362929,7.20042630269527,7.5961260015854,7.27246003288498
"ENSG00000143028",10.5428230976912,10.4836358490492,10.6383759450742,7.71757568618283,8.10718762553493,7.88699702512652
"ENSG00000140450",11.8748649127931,11.850553496476,12.0585932981166,9.90598565488076,9.97313174970919,9.89465819197209
"ENSG00000139289",10.2281603804484,10.2437991654525,10.0542764533837,12.8140419393812,12.4143433540009,12.6670867545903
"ENSG00000216775",8.65952416692364,8.58731321937429,8.39317303340478,10.7701159772163,10.8769327133492,10.9973820040349
"ENSG00000141469",8.83280864143746,8.84638169934909,8.66464635547951,10.8383821610232,11.029809686487,10.9823751158557
"ENSG00000137672",10.5619960017027,10.5067877961284,10.559583480858,8.18310654302093,8.39056566910361,8.07642789608777
"ENSG00000117724",9.82257689698955,9.95933299029628,9.91009445858032,11.7578464067236,11.7289168196657,11.8692685391999
"ENSG00000198759",9.96748064069297,10.1674999587116,10.2161464168306,7.61687700880859,7.74359652828372,7.70728768299478
"ENSG00000166825",13.5715293787247,13.5881586794389,13.4803453980026,15.8848698758177,15.5244318183181,15.7913643592486
"ENSG00000107560",11.6745529392879,11.683674261797,11.8786327119812,9.81804921495626,9.80447400270697,9.80387311584108
"ENSG00000099998",8.07424106860092,8.26431567559231,8.20861112482434,10.2965477137173,10.2590519547654,10.2990329585666
"ENSG00000140105",12.5012790830107,12.5630474308103,12.728109628362,10.6417478130187,10.7728336840037,10.662694712398
"ENSG00000137809",11.2556454698479,11.4497789814947,11.4323489958549,9.46970779416579,9.36428774635011,9.51352991971398
"ENSG00000092621",12.2705887412574,12.383559952122,12.3678498451505,10.466838155786,10.6034000158923,10.6592643332169
"ENSG00000066279",9.59279580326186,9.67799835714872,9.46625380123979,11.3726608366661,11.3885103173419,11.4638927154073
