feature_set,gene_count,sample,condition,PC1,PC2,pc1_variance,pc2_variance
all_filtered,14755,CTRL_72h_1,CTRL,-37.37789591,0.6814141412,0.8659249151,0.05896374476
all_filtered,14755,CTRL_72h_2,CTRL,-37.39101412,-0.8625403791,0.8659249151,0.05896374476
all_filtered,14755,CTRL_72h_3,CTRL,-40.59580787,-4.166404748,0.8659249151,0.05896374476
all_filtered,14755,ECEV_72h_1,ECEV,47.29252715,-15.53674623,0.8659249151,0.05896374476
all_filtered,14755,ECEV_72h_2,ECEV,27.46106252,18.91024301,0.8659249151,0.05896374476
all_filtered,14755,ECEV_72h_3,ECEV,40.61112823,0.9740342094,0.8659249151,0.05896374476
top_5000_variable,5000,CTRL_72h_1,CTRL,-35.84674811,0.4784896715,0.9103096591,0.04270146614
top_5000_variable,5000,CTRL_72h_2,CTRL,-35.89310032,-0.5977252852,0.9103096591,0.04270146614
top_5000_variable,5000,CTRL_72h_3,CTRL,-38.84293175,-3.275127677,0.9103096591,0.04270146614
top_5000_variable,5000,ECEV_72h_1,ECEV,45.18628597,-12.50160021,0.9103096591,0.04270146614
top_5000_variable,5000,ECEV_72h_2,ECEV,26.50330295,14.92033968,0.9103096591,0.04270146614
top_5000_variable,5000,ECEV_72h_3,ECEV,38.89319126,0.975623814,0.9103096591,0.04270146614
top_2000_variable,2000,CTRL_72h_1,CTRL,-32.83291434,-0.1296490927,0.9514235931,0.02637347801
top_2000_variable,2000,CTRL_72h_2,CTRL,-32.85391486,-0.7418267998,0.9514235931,0.02637347801
top_2000_variable,2000,CTRL_72h_3,CTRL,-35.51507193,-1.515632984,0.9514235931,0.02637347801
top_2000_variable,2000,ECEV_72h_1,ECEV,41.16777447,-8.760321684,0.9514235931,0.02637347801
top_2000_variable,2000,ECEV_72h_2,ECEV,24.46616416,10.65637545,0.9514235931,0.02637347801
top_2000_variable,2000,ECEV_72h_3,ECEV,35.5679625,0.4910551073,0.9514235931,0.02637347801
