"gene_id","gene_symbol","gene_biotype","baseMean","log2FoldChange","lfcSE","stat","pvalue","padj"
"ENSG00000115738.10","ID2","protein_coding",1482.92388840858,1.40858018390055,0.097801615501471,14.4024224618188,4.99611730984256e-47,7.25286349869845e-43
"ENSG00000172817.4","CYP7B1","protein_coding",778.577541784464,1.34140823876273,0.113869882352631,11.7801846374854,4.93847769245612e-32,2.38972935537952e-28
"ENSG00000159167.12","STC1","protein_coding",2785.03656607032,1.17886323936829,0.106970680478681,11.0204332074268,3.04589638148192e-28,4.4217277769973e-25
"ENSG00000117152.14","RGS4","protein_coding",806.034380848823,1.74361898592322,0.18232336748564,9.56333250075884,1.14024703305492e-21,8.71208746255699e-19
"ENSG00000123358.20","NR4A1","protein_coding",1989.39362712718,1.18289960974158,0.130469298872826,9.06649778883691,1.22903898682167e-19,7.38761870486453e-17
"ENSG00000204713.11","TRIM27","protein_coding",188.979633074939,-26.0366786440748,3.00089634804494,-8.67630055301228,4.0885079193943e-18,1.76791630703883e-15
"ENSG00000239474.7","KLHL41","protein_coding",324.171707397971,-1.09524605694486,0.12670759640182,-8.64388630237742,5.43326223771927e-18,2.25356194014202e-15
"ENSG00000090339.9","ICAM1","protein_coding",231.860692373085,1.00487942319231,0.123323082629922,8.14834823913562,3.68928659925905e-16,1.19016385692097e-13
"ENSG00000123700.5","KCNJ2","protein_coding",1108.13005598018,1.19580353535275,0.14956582091398,7.99516579419901,1.29399620469024e-15,3.54432884971476e-13
"ENSG00000118523.6","CCN2","protein_coding",4861.60333881475,1.57832343943217,0.21882477521282,7.21272734267478,5.48421597747865e-13,9.70906870061678e-11
"ENSG00000162496.9","DHRS3","protein_coding",141.293838851052,1.3733536564854,0.191039584801815,7.18884339028542,6.53424703918718e-13,1.12925790795096e-10
"ENSG00000105088.9","OLFM2","protein_coding",863.269657581132,1.02115144928106,0.155163952009628,6.58111266215812,4.66940583336938e-11,5.8944143028716e-09
"ENSG00000114315.4","HES1","protein_coding",116.150761826669,1.63858131063398,0.265822813863214,6.16418616152769,7.08465564406965e-10,6.90254671039994e-08
"ENSG00000120129.6","DUSP1","protein_coding",8820.66449455996,1.12037238933529,0.189294674598682,5.91866829698489,3.24558784839812e-09,2.70782751696526e-07
"ENSG00000143153.14","ATP1B1","protein_coding",187.109208588512,1.14221839639544,0.196836544503869,5.80287770888495,6.51863357048171e-09,5.00693140437476e-07
"ENSG00000108691.10","CCL2","protein_coding",78.2774098829023,1.29635954836851,0.225760576262587,5.74218745287345,9.34612766976144e-09,6.99369770009932e-07
"ENSG00000185100.12","ADSS1","protein_coding",131.046066928069,1.18925350326996,0.212211937910936,5.60408389357002,2.09359292791476e-08,1.420219090399e-06
"ENSG00000176771.18","NCKAP5","protein_coding",184.569818825945,1.3771277558961,0.258712740430299,5.32299937608647,1.02070095413314e-07,5.81079049064736e-06
"ENSG00000251705.1","RNA5-8SP6","rRNA_pseudogene",42.6176406787517,1.32020929795678,0.251973999428625,5.23946637728688,1.61041582921642e-07,8.85545704270256e-06
"ENSG00000265972.6","TXNIP","protein_coding",1752.30711732686,-2.38427756232391,0.456245752023923,-5.22586249131562,1.73345154141189e-07,9.49604378365145e-06
"ENSG00000111341.10","MGP","protein_coding",71.1940781521342,1.38618114719243,0.270941016396443,5.11617312737972,3.11796891676736e-07,1.59941889627957e-05
"ENSG00000065413.20","ANKRD44","protein_coding",490.122513995728,-2.06101013407167,0.412547614027802,-4.99581154754364,5.85888538509283e-07,2.85414225286552e-05
"ENSG00000125968.9","ID1","protein_coding",996.699207966673,1.89736756214572,0.387586409535418,4.89534079489529,9.81355124458632e-07,4.37004059563373e-05
"ENSG00000174600.14","CMKLR1","protein_coding",138.861813426633,1.09216728582221,0.227782340152822,4.79478472777767,1.62849613137244e-06,6.79335584457863e-05
"ENSG00000099860.9","GADD45B","protein_coding",568.630551026967,1.54493099185436,0.328469867877932,4.70341770414234,2.55842246977781e-06,9.9584990088363e-05
"ENSG00000115602.17","IL1RL1","protein_coding",30.9292648249795,1.90010968030164,0.403988894254379,4.70337107609993,2.55900708970634e-06,9.9584990088363e-05
"ENSG00000156427.8","FGF18","protein_coding",51.5236007680744,1.34578991034066,0.288299128216593,4.66803322877061,3.04096726542987e-06,0.000116479477024394
"ENSG00000081041.9","CXCL2","protein_coding",36.8494409656621,1.2539634943215,0.276822226444531,4.52985119882622,5.90252426724542e-06,0.000199800328939475
"ENSG00000049540.19","ELN","protein_coding",6378.35349770983,1.37407736528982,0.304005389587837,4.51991120010327,6.18655752450067e-06,0.000207413985180546
"ENSG00000198538.11","ZNF28","protein_coding",472.849689188381,1.13264548645008,0.251215903062457,4.508653602907,6.52403269544466e-06,0.000217722718712115
"ENSG00000146094.16","DOK3","protein_coding",136.56572531465,1.01727744446517,0.233167214316231,4.36286656959199,1.28369242560261e-05,0.000389047243057892
"ENSG00000130783.14","CCDC62","protein_coding",26.5788190194924,1.58635791309203,0.380575968261422,4.16830815760376,3.06868881781215e-05,0.000811355830844706
"ENSG00000125531.7","FNDC11","protein_coding",77.1862438711557,-1.06722780321811,0.260306127144501,-4.09989505404791,4.13337531555295e-05,0.00102047975265106
"ENSG00000170500.13","LONRF2","protein_coding",26.8788065009852,1.90727408553512,0.487348718910143,3.91357155878105,9.09409338175003e-05,0.001930101661153
"ENSG00000277571.2","ELANE","protein_coding",35.8089657541178,1.42619234325752,0.370325735391992,3.85118345001835,0.000117548400673115,0.00234402490737859
"ENSG00000142178.9","SIK1","protein_coding",76.3632532745099,1.56829830394068,0.408547013791866,3.83872174069947,0.000123676493440717,0.00243941800988979
"ENSG00000283302.3","C13orf46","protein_coding",26.7986045546885,-1.28913164058816,0.339291210103861,-3.79948434323878,0.000144997471833168,0.00276237309527835
"ENSG00000164530.15","PI16","protein_coding",150.246683692143,3.76010334634388,0.994588791657372,3.78056074820437,0.000156475532343531,0.00290852151476446
"ENSG00000137809.17","ITGA11","protein_coding",663.082563060675,1.42131002783619,0.378797440081826,3.75216376206018,0.000175314879077089,0.0031773359545095
"ENSG00000215910.8","C1orf167","protein_coding",29.858484654191,3.45487660523668,0.937448643063242,3.68540360136145,0.000228340498701466,0.00390579521389404
"ENSG00000136098.18","NEK3","protein_coding",236.922086736195,-1.02221216942377,0.277374711609067,-3.68531133748228,0.000228423237349042,0.00390579521389404
"ENSG00000137193.14","PIM1","protein_coding",1048.35281701451,1.47671584539266,0.410545974252717,3.59695609750065,0.000321962799031718,0.00505884576800042
"ENSG00000281500.4","SLC37A4","protein_coding",118.995835310558,3.88601689385683,1.10435174139154,3.5188217197541,0.0004334678912945,0.00633063720112904
"ENSG00000289517.1","ENSG00000289517","protein_coding",120.62396985284,1.07683948683271,0.309374052990331,3.4807039453511,0.000500097930150201,0.00710059010323204
"ENSG00000144802.11","NFKBIZ","protein_coding",601.172368333825,1.33126109963651,0.382546644796953,3.47999679971867,0.00050141977206275,0.00710157154247311
"ENSG00000281877.3","RPS6KA1","protein_coding",54.1438328803573,1.01150385006919,0.29435396643017,3.43635202996033,0.000589604324625958,0.00797636231191418
"ENSG00000144596.13","GRIP2","protein_coding",54.8311080373625,1.54719426533923,0.464392410293996,3.33165278123246,0.000863318970806769,0.0107877171181131
"ENSG00000126759.14","CFP","protein_coding",29.7992309846796,1.32930025592333,0.400533998800781,3.3188200250249,0.000903986718819854,0.0111837831705931
"ENSG00000137313.15","TRIM26","protein_coding",98.9023669449267,8.28123835025592,2.55380475171781,3.24270614058712,0.00118400261373109,0.0138402368929418
"ENSG00000282684.1","ZC3H3","protein_coding",73.4443449912589,1.03636484503508,0.320418021238237,3.2344149715116,0.00121892209400246,0.0141901299427696
"ENSG00000100206.11","DMC1","protein_coding",70.1170950475307,-1.69072894860316,0.53031114398491,-3.18818295217886,0.00143169919675088,0.0159874754047454
"ENSG00000165521.16","EML5","protein_coding",40.3270685430081,1.6044423911487,0.503812497799293,3.1846022045048,0.00144953114351617,0.0161495346204331
"ENSG00000272573.6","MUSTN1","protein_coding",36.143071248766,-2.00758421609446,0.63778838408612,-3.14772778273644,0.00164544849173501,0.0177228631954854
"ENSG00000055957.11","ITIH1","protein_coding",22.5029266250329,-1.52926934568916,0.506132233755132,-3.02148182569424,0.00251540740168991,0.0242632353822807
"ENSG00000123500.10","COL10A1","protein_coding",80.0126724446424,1.20198121127738,0.401662522949858,2.99251521513604,0.00276688874664363,0.025964398148045
"ENSG00000078401.7","EDN1","protein_coding",61.4541303794756,1.01072277339203,0.33931626322535,2.97870418524791,0.002894700911117,0.0268848661133599
"ENSG00000078295.17","ADCY2","protein_coding",158.623416619366,-1.07666720095278,0.366946420920233,-2.93412645435455,0.0033448790316883,0.0299923464502897
"ENSG00000145040.4","UCN2","protein_coding",22.9207022198975,1.26443904050504,0.431830331829398,2.92809223277206,0.00341048858493309,0.0304151364224685
"ENSG00000008226.20","DLEC1","protein_coding",32.2372230869304,2.63787926940137,0.911510600338907,2.89396444585569,0.00380411233831144,0.032891184523685
"ENSG00000172250.18","SERHL","transcribed_unitary_pseudogene",29.6262349193888,-1.11207183901914,0.385449202045275,-2.88513203067551,0.00391249539811582,0.0335089650114734
"ENSG00000134516.20","DOCK2","protein_coding",34.8046369759747,-1.18012075019685,0.415629710131204,-2.83935609373141,0.00452046797133449,0.0371830803802534
"ENSG00000101115.13","SALL4","protein_coding",45.1129785679262,-1.01173568534231,0.357196740563598,-2.83243257972051,0.00461953068223592,0.0377914175153772
"ENSG00000274950.4","RPS9","protein_coding",43.440126669508,-1.66810454495967,0.590113255294816,-2.82675322066152,0.00470225501078772,0.0383497955009019
"ENSG00000002587.10","HS3ST1","protein_coding",21.5412237055775,-2.02719094119025,0.719360274674431,-2.81804682932724,0.00483167623241201,0.0391117888102725
"ENSG00000283060.2","ID3","protein_coding",390.913458435093,1.39566553719902,0.513936276234716,2.71563927618453,0.00661479470048302,0.0490684592063934
