sample,condition,batch,read_count,base_count,fastq_bytes_total,salmon_numreads_sum,gene_count_total,salmon_numreads_per_ena_read_proxy,expressed_genes_cpm_ge_1,nonzero_genes,zero_gene_fraction,median_log2_cpm_expressed,p90_log2_cpm_expressed,p99_log2_cpm_expressed,top10_count_fraction,top100_count_fraction,normalized_count_entropy
DMEM_1,CTRL_DMEM,1,26161803,7848540900,3869212882,46177468.956,45337115.696,1.7650721150984892,13339,18550,0.5027742782855764,4.683910945372093,7.034124059905633,9.581218227932542,0.11618600061196095,0.29521137709209955,0.7573688145609254
DMEM_2,CTRL_DMEM,1,31327538,9398261400,4702146706,54866027.925,53863064.850999996,1.7513673728526,13306,18777,0.49668962929208993,4.6833689507024685,7.014542343145539,9.59621833147181,0.11793743810480668,0.2995994670678381,0.7557345925026833
DMEM_3,CTRL_DMEM,1,26953772,8086131600,3980218703,47900706.936,47022449.915,1.777142988966442,13267,18533,0.50322995684456,4.663909417959388,6.988629360702089,9.603039045021536,0.12150498639113709,0.3035094841676328,0.753451832817836
DMEM_4,CTRL_DMEM,1,21707517,6512255100,3224051976,38368802.909,37678522.315000005,1.7675353154854148,13322,18206,0.5119950679497145,4.6767361635393305,7.0211937739809445,9.562683650385038,0.11933911233057864,0.2986162343612068,0.7558164501519418
EV_1,MSC_sEV,1,25241683,7572504900,3772085244,44915444.988,44121825.704,1.7794156193150827,13237,18492,0.5043289463103439,4.667503628398584,7.045448450614473,9.623199369899993,0.11446390264721398,0.2902192435078479,0.7583192434614944
EV_2,MSC_sEV,1,27655735,8296720500,4112239131,48625090.974,47778843.506,1.7582281206411619,13278,18700,0.4987535851180744,4.68000552365241,7.040575519002899,9.55556040265443,0.11442326554667363,0.29197536382914224,0.7584848982745281
EV_3,MSC_sEV,1,22461058,6738317400,3329615745,39674792.9,38978691.711,1.7663813031425322,13253,18388,0.5071166269064786,4.67245589949482,7.0667470312834695,9.599786217027813,0.11198113170043127,0.2878258536274555,0.7596357924717763
EV_4,MSC_sEV,1,29208767,8762630100,4283402044,51905207.018,50978385.419,1.7770420441917318,13296,18439,0.505749591229528,4.7052263093282765,7.092016272650534,9.545803509396771,0.10795350550566639,0.2750722288033396,0.7651111151189965
DMEM_5,CTRL_DMEM,2,37914897,11374469100,5521196842,69206920.035,67246296.364,1.8253226438937706,13185,18588,0.5017557026831426,4.645647667818276,7.029418419506116,9.507826032194542,0.1408704921044743,0.311867015284833,0.7482169620093837
DMEM_6,CTRL_DMEM,2,33629449,10088834700,4835075752,61427143.944,59696371.908,1.8265878796884243,13157,18327,0.5087517087945962,4.625652250711489,7.020382038746798,9.549295993914129,0.1411910606559068,0.31275277043256927,0.7469827895573674
DMEM_7,CTRL_DMEM,2,32432949,9729884700,4689589719,58674359.804,57015265.77599999,1.8090972795597464,13163,18410,0.5065269252419117,4.634901956298129,7.01641786432711,9.545219872797036,0.14197216804709403,0.3125316274242601,0.7472143153876143
DMEM_8,CTRL_DMEM,2,27483465,8245039500,3987382522,50633880.005,49201651.86,1.8423397488271585,13059,17990,0.5177848661109176,4.62276129875247,7.033151007499625,9.556328253972842,0.14137833729227156,0.31503099979456667,0.745723550860899
EV_5,MSC_sEV,2,33913407,10174022100,5023013302,61341207.007,59671484.555,1.8087597924620196,13213,18554,0.5026670598011097,4.650498692694268,7.017755371848895,9.543561913773281,0.13585795262941402,0.3075155543362868,0.7503737781154385
EV_6,MSC_sEV,2,31434931,9430479300,4530163881,57186322.048,55637483.063999996,1.8191966779885727,13156,18307,0.5092878012169298,4.684387090202584,7.042142905303385,9.526914951233875,0.13082768686043955,0.30157499593752657,0.753158821045336
EV_7,MSC_sEV,2,29618780,8885634000,4273600154,53348085.015,51896383.271,1.80115740807015,13233,18331,0.5086444903101295,4.668916822985176,7.022390649493275,9.516075235826676,0.1339608279385601,0.3034840801093174,0.7523785918249766
EV_8,MSC_sEV,2,54035352,16210605600,7880774013,95330727.15,92722948.48200001,1.7642288542878375,13206,18932,0.4925349130190045,4.615032205116876,6.999475300340619,9.492193705665915,0.14048282551679953,0.32158996471934476,0.7449599541555852
