sample,gsm_id,condition,batch,original_salmon_numreads_sum,retained_salmon_numreads_sum,excluded_salmon_numreads_sum,retained_percentage,excluded_percentage,original_salmon_tpm_sum,retained_salmon_tpm_sum,shared_transcripts_used,mapped_genes,unmapped_transcripts,ambiguous_mappings,min_transcripts_per_gene,max_transcripts_per_gene,median_transcripts_per_gene
DMEM_1,GSM7988505,CTRL_DMEM,1,46177468.956,45337115.696,840353.26,98.1802,1.8198,1000000.0,978373.456,189509,37307,0,0,1,192,1
DMEM_2,GSM7988506,CTRL_DMEM,1,54866027.925,53863064.851,1002963.074,98.172,1.828,1000000.0,979550.783,189509,37307,0,0,1,192,1
DMEM_3,GSM7988507,CTRL_DMEM,1,47900706.936,47022449.915,878257.021,98.1665,1.8335,1000000.0,978453.362,189509,37307,0,0,1,192,1
DMEM_4,GSM7988508,CTRL_DMEM,1,38368802.909,37678522.315,690280.594,98.2009,1.7991,1000000.0,978740.535,189509,37307,0,0,1,192,1
EV_1,GSM7988509,MSC_sEV,1,44915444.988,44121825.704,793619.284,98.2331,1.7669,1000000.0,979174.169,189509,37307,0,0,1,192,1
EV_2,GSM7988510,MSC_sEV,1,48625090.974,47778843.506,846247.468,98.2596,1.7404,1000000.0,980518.855,189509,37307,0,0,1,192,1
EV_3,GSM7988511,MSC_sEV,1,39674792.9,38978691.711,696101.189,98.2455,1.7545,1000000.0,979745.434,189509,37307,0,0,1,192,1
EV_4,GSM7988512,MSC_sEV,1,51905207.018,50978385.419,926821.599,98.2144,1.7856,1000000.0,977882.534,189509,37307,0,0,1,192,1
DMEM_5,GSM7988517,CTRL_DMEM,2,69206920.035,67246296.364,1960623.671,97.167,2.833,1000000.0,970905.578,189509,37307,0,0,1,192,1
DMEM_6,GSM7988518,CTRL_DMEM,2,61427143.944,59696371.908,1730772.036,97.1824,2.8176,1000000.0,971176.162,189509,37307,0,0,1,192,1
DMEM_7,GSM7988519,CTRL_DMEM,2,58674359.804,57015265.776,1659094.028,97.1724,2.8276,1000000.0,971277.642,189509,37307,0,0,1,192,1
DMEM_8,GSM7988520,CTRL_DMEM,2,50633880.005,49201651.86,1432228.145,97.1714,2.8286,1000000.0,971096.162,189509,37307,0,0,1,192,1
EV_5,GSM7988521,MSC_sEV,2,61341207.007,59671484.555,1669722.452,97.278,2.722,1000000.0,972503.921,189509,37307,0,0,1,192,1
EV_6,GSM7988522,MSC_sEV,2,57186322.048,55637483.064,1548838.984,97.2916,2.7084,1000000.0,971678.539,189509,37307,0,0,1,192,1
EV_7,GSM7988523,MSC_sEV,2,53348085.015,51896383.271,1451701.744,97.2788,2.7212,1000000.0,972389.143,189509,37307,0,0,1,192,1
EV_8,GSM7988524,MSC_sEV,2,95330727.15,92722948.482,2607778.668,97.2645,2.7355,1000000.0,974122.729,189509,37307,0,0,1,192,1
