sample,condition,batch,PC1,PC2
DMEM_1,CTRL_DMEM,1,35.324336941230705,-10.364317918804637
DMEM_2,CTRL_DMEM,1,34.95042467699543,-13.245395870916427
DMEM_3,CTRL_DMEM,1,27.170621875782455,-14.329599709201501
DMEM_4,CTRL_DMEM,1,31.46883546853454,-14.814245349328907
EV_1,MSC_sEV,1,35.31148993148066,11.336540393757286
EV_2,MSC_sEV,1,35.614344798895,9.95799244864111
EV_3,MSC_sEV,1,40.80466561369717,12.234558126765203
EV_4,MSC_sEV,1,35.9456740052862,14.829060620483448
DMEM_5,CTRL_DMEM,2,-30.13004073242388,-9.394931194155983
DMEM_6,CTRL_DMEM,2,-37.60727597643985,-7.415312238639059
DMEM_7,CTRL_DMEM,2,-36.24362647119213,-7.633573871833131
DMEM_8,CTRL_DMEM,2,-34.974243242472554,-7.126372111797722
EV_5,MSC_sEV,2,-35.80466260696454,6.331973273523719
EV_6,MSC_sEV,2,-36.39109862404601,7.0609235241556485
EV_7,MSC_sEV,2,-36.60853404279237,7.204755224783668
EV_8,MSC_sEV,2,-28.83091161557077,15.36794465256732
