study_id,dataset_id,repository,title,year,doi,pmid,species,recipient_cell,recipient_tissue,primary_or_cell_line,EV_source,EV_type,treatment,dose,time,omics_type,sample_count,treatment_n,control_n,biological_replicates,raw_available,processed_available,raw_counts_available,gene_identifier,primary_paper_available,functional_phenotype_available,independent_from_GSE293186,eligibility_tier,exclusion_reason,notes,species_comparability,recipient_cell_comparability,tissue_comparability,EV_source_comparability,EV_type_comparability,dose_comparability,time_comparability,platform_comparability,design_comparability,validation_gene_direction,validation_pathways,validation_PMEAI,validation_regenerative_fibrotic,validation_general_EV,validation_rationale,access_url,paper_url
S001,GSE251807,NCBI GEO; SRA PRJNA1055484,Investigation of gene expression changes in normal human dermal fibroblasts after exposure to bone marrow mesenchymal stromal cell secretome,2025,10.1038/s41598-025-04057-6,40461530,Homo sapiens,normal human dermal fibroblasts,skin dermis,primary commercial NHDF; donor lot count unverified,human bone-marrow mesenchymal stromal cells,small EV,sEV versus DMEM vehicle; other secretome fractions separate,30 ug/mL,48 h,bulk poly(A) RNA-seq; NovaSeq 6000,32 total; 16 in chosen contrast,8,8,8 culture libraries/arm across two batches; independent donor n NA,YES_SRA,YES_SALMON_QUANT_AND_NORMALIZED_COUNTS,RECONSTRUCTABLE_FROM_SALMON_NUMREADS; NOT_VERIFIED_AS_GENE_RAW_COUNTS,NA,YES,YES_MIGRATION_AND_PROLIFERATION_ASSAYS,YES,ELIGIBLE_A,NA,Control GSM7988505-8508 and GSM7988517-8520; sEV GSM7988509-8512 and GSM7988521-8524; batch balanced; same commercial NHDF lot may limit donor generalization.,MATCH,MATCH,MATCH,MISMATCH,PARTIAL_MATCH,UNKNOWN,PARTIAL_MATCH,MATCH,PARTIAL_MATCH,MODERATE,STRONG,MODERATE,WEAK,STRONG,Same recipient species/tissue and bulk RNA-seq with eight libraries per arm; EV producer and 48-h duration differ; no wound-fate contrast.,https://www.ncbi.nlm.nih.gov/geo/query/acc.cgi?acc=GSE251807,https://doi.org/10.1038/s41598-025-04057-6
S002,GSE212873,NCBI GEO; SRA PRJNA877679,Fibroblast Growth Factor-2 bound to specific dermal fibroblasts-derived extracellular vesicles is protected from degradation: relevance to wound healing,2022,10.1038/s41598-022-26217-8,36550142,Homo sapiens,primary dermal fibroblasts; two donor lines,skin dermis,primary,human dermal fibroblasts; unstimulated or FGF2-stimulated,control EV; FGF2-bearing EV,PBS versus control EV versus FGF2 EV versus soluble FGF2; antibody pretreatments also present,2E+10 EV particles/sample for reported RNA-seq arms,24 h,bulk RNA-seq; NextSeq 500,16 total; four core groups x two donor lines plus pretreatment arms,2 per core EV arm,2 PBS,2 donor lines for core comparison,YES_SRA,YES_BIGWIG_ONLY_ON_GEO,NO_SMALL_COUNT_MATRIX_VERIFIED,NA,YES,YES_PROLIFERATION_MIGRATION_AND_MOUSE_WOUNDS,YES,ELIGIBLE_A,NA,Core comparison must distinguish control EV vs PBS from FGF2 EV vs control EV; the latter measures cargo/context differences. GEO title has suffix absent from published article title.,MATCH,MATCH,MATCH,MISMATCH,PARTIAL_MATCH,UNKNOWN,MISMATCH,MATCH,PARTIAL_MATCH,WEAK,MODERATE,MODERATE,WEAK,MODERATE,"Same primary dermal recipient and EV perturbation, but two donor lines, 24-h exposure, distinct EV producer/cargo, and raw-count reconstruction from SRA needed.",https://www.ncbi.nlm.nih.gov/geo/query/acc.cgi?acc=GSE212873,https://doi.org/10.1038/s41598-022-26217-8
S003,GSE279511,NCBI GEO; SRA PRJNA1173165,"The influence of melanoma extracellular vesicles on benign melanocytes, dermal fibroblasts and microvascular endothelial cells (part1)",2024,NA,NA,Homo sapiens,primary dermal fibroblasts (ATCC),skin dermis,primary commercial,A375 melanoma cells,EV-containing or putative EV-enriched conditioned medium; isolated EV-only not established,concentrated A375 melanoma conditioned medium versus untreated primary fibroblasts; GSM calls it EV treatment,NA,72 h,bulk poly(A) RNA-seq; NextSeq 2000,15 total; 6 fibroblast contrast samples,3,3,3 labeled replicates/arm; donor independence NA,YES_SRA,YES_GENE_RAW_COUNT_MATRIX,YES_GEO_FILE_LABEL,NA,YES_PAPER_LINKS_GEO_BUT_FIBROBLAST_RESULTS_NOT_PRIMARY_FOCUS,NA_FOR_FIBROBLAST,YES,INELIGIBLE,GSM protocol says recipients were incubated with collected concentrated A375 conditioned medium for 72 h; an isolated-EV-only RNA-seq contrast is not established.,Sample protocol explicitly says PM/PF/EN incubated with collected conditioned medium for 72 h after 100-kDa ultrafiltration; this supersedes the GSM characteristic label EV treatment. Raw count matrix and 3/arm still available for a different question.,MATCH,MATCH,MATCH,MISMATCH,PARTIAL_MATCH,UNKNOWN,MATCH,MATCH,PARTIAL_MATCH,NOT_APPROPRIATE,NOT_APPROPRIATE,NOT_APPROPRIATE,NOT_APPROPRIATE,NOT_APPROPRIATE,"The 100-kDa ultrafiltration treatment remains conditioned medium; other retained components could cause the response, so it cannot isolate EV effects.",https://www.ncbi.nlm.nih.gov/geo/query/acc.cgi?acc=GSE279511,https://www.sciencedirect.com/science/article/abs/pii/S0022202X24029592
S004,PRJNA910343;10.5061/dryad.b2rbnzsmj,NCBI SRA; Dryad,The cellular response to extracellular vesicles is dependent on their cell source and dose,2023,10.1126/sciadv.adh1168,NA,Homo sapiens,primary human dermal fibroblast strain GM08402,skin dermis,primary; one donor strain,12 sources including HUVEC,EV,three EV doses versus untreated and storage-buffer controls,20; 2000; 200000 particles/cell,24 h,bulk Smart-seq2 RNA-seq; HiSeq 3000,NA; paper reports 10 controls and triplicates per EV type-dose,3 per EV source-dose,5 untreated; 5 storage buffer,triplicate cultures; one recipient donor strain,YES_SRA,YES_DRYAD_RAW_COUNT_TABLE,YES_DRYAD_FILE_LABEL,NA,YES,YES_OTHER_CELL_CONTEXTS,YES,UNCERTAIN,Required HUVEC/control sample-to-count-column mapping not verified from accessible metadata; Dryad README file returned 403 at discovery.,Scientifically attractive endothelial EV source; not counted as eligible until raw-count columns and control mapping are verified. Dryad file human_CSR_raw_count.txt is 26.6 MB and was not downloaded.,MATCH,MATCH,MATCH,MATCH,PARTIAL_MATCH,UNKNOWN,MISMATCH,PARTIAL_MATCH,PARTIAL_MATCH,MODERATE,STRONG,MODERATE,WEAK,STRONG,"Potentially source-matched HUVEC arm and primary dermal fibroblast, but one recipient donor, 24-h exposure, and unverified sample-to-column map block immediate selection.",https://datadryad.org/dataset/doi:10.5061/dryad.b2rbnzsmj,https://doi.org/10.1126/sciadv.adh1168
S005,GSE116176,NCBI GEO; BioProject PRJNA477548,The transcriptome profile of the stomach fibroblasts with high-metastatic or low-metastatic gastric cancer cell-derived extracellular vesicles,2019,NA,31147602,Homo sapiens,immortalized stomach fibroblasts,stomach,patient-derived then immortalized with mutant Cdk4; cyclin D1; hTERT,gastric cancer cell lines 44As3 and HSC-44PE,cancer-cell-derived EV,two EV sources versus PBS or untreated controls,NA,5 d,Agilent human gene-expression microarray,8,2 per EV-source arm,2 PBS; 2 untreated,2 labeled replicates/group; donor independence NA,YES_ARRAY_FILES,YES_GEO_SAMPLE_TABLE,NOT_APPLICABLE_ARRAY,Agilent probe IDs; mapping to genes needed,YES,YES_CANCER_ASSOCIATED_FIBROBLAST_CONTEXT,YES,ELIGIBLE_B,NA,Related GSE116167 referenced in later paper; inspect sample provenance before treating it as additional independent study.,MATCH,PARTIAL_MATCH,MISMATCH,MISMATCH,PARTIAL_MATCH,UNKNOWN,MISMATCH,MISMATCH,PARTIAL_MATCH,WEAK,WEAK,WEAK,NOT_APPROPRIATE,MODERATE,EV-exposed human fibroblasts but immortalized gastric cancer context and microarray platform are distant from EXP001.,https://www.ncbi.nlm.nih.gov/geo/query/acc.cgi?acc=GSE116176,https://pubmed.ncbi.nlm.nih.gov/31147602/
S006,GSE158623,NCBI GEO; BioProject PRJNA665998,Human bronchial epithelial cell-derived extracellular vesicles attenuate pulmonary fibrosis through inhibiting TGF-beta-WNT crosstalk [RNA-Seq],2021,10.1002/jev2.12124,34377373,Homo sapiens,primary lung fibroblasts,lung,primary,human bronchial epithelial cells; BEAS-2B cells,epithelial EV,EV versus PBS at 24 h and 48 h,10 ug/mL,24 h; 48 h,bulk RNA-seq; HiSeq 2500,6 RNA-seq libraries,1 per source-time arm,1 per time,1 library per group/time in GEO,YES_SRA,YES_SERIES_PROCESSED,NO_RAW_COUNT_MATRIX_VERIFIED,NA,YES,YES_PULMONARY_FIBROSIS_CONTEXT,YES,ELIGIBLE_B,NA,GSE158624 is a SuperSeries containing GSE158623 RNA-seq and GSE156572 EV miRNA; count only one study. No biological replication within RNA-seq contrasts.,MATCH,PARTIAL_MATCH,MISMATCH,MISMATCH,PARTIAL_MATCH,UNKNOWN,PARTIAL_MATCH,MATCH,PARTIAL_MATCH,WEAK,WEAK,WEAK,NOT_APPROPRIATE,WEAK,"Primary human fibroblasts and EV perturbation, but lung tissue, different producer, and n=1 per condition-time preclude robust gene-level validation.",https://www.ncbi.nlm.nih.gov/geo/query/acc.cgi?acc=GSE158623,https://doi.org/10.1002/jev2.12124
S007,GSE271672,NCBI GEO; BioProject PRJNA1132891,Exosomal miR-194 from adipose-derived stem cells impedes hypertrophic scar formation through targeting TGF-beta1 [miRNA],2024,NA,39329201,Oryctolagus cuniculus,mixed rabbit scar tissue,skin wound,in vivo mixed tissue,adipose-derived stem cells,exosomes,ADSC-exosome-treated versus control scar tissue,NA,post-treatment day 21,small RNA / miRNA sequencing,6,3,3,3 labeled replicates/arm,YES_SRA,YES_GEO_XLS,NO_GENE_MRNA_COUNTS,miRNA IDs,YES,YES_SCAR_MODEL,YES,ELIGIBLE_C,NA,"Mixed tissue, rabbit, and miRNA readout; not a primary fibroblast mRNA replication.",MISMATCH,MISMATCH,PARTIAL_MATCH,MISMATCH,PARTIAL_MATCH,UNKNOWN,MISMATCH,MISMATCH,PARTIAL_MATCH,NOT_APPROPRIATE,NOT_APPROPRIATE,WEAK,WEAK,WEAK,"Public EV-treated wound tissue with control but different species, mixed cells, and miRNA rather than recipient mRNA.",https://www.ncbi.nlm.nih.gov/geo/query/acc.cgi?acc=GSE271672,https://pubmed.ncbi.nlm.nih.gov/39329201/
S008,10.17632/gm29wd7b94.1,Mendeley Data,Mesenchymal stem cell-derived small extracellular vesicles promoting M2 macrophage polarization through p38 MAPK inhibition,2025,10.17632/gm29wd7b94.1,NA,Rattus norvegicus,bone-marrow-derived macrophages,bone marrow,primary,rat bone-marrow MSC,small EV,LPS then 30 ug/mL MSC-sEV for 48 h versus LPS-only; untreated also present,30 ug/mL,48 h after 24 h LPS,bulk RNA-seq,9,3,3 LPS; 3 untreated,n=3 per group stated by deposit,NA,NA,NA,NA,YES,YES_DIABETIC_WOUND_CONTEXT,YES,UNCERTAIN,"Recipient is rat macrophage (Tier C biology), and sample-to-file mapping/file availability were not visible in deposit metadata.",Cannot promote to primary fibroblast validation; confirmation of listed public files would permit Tier C cross-context only.,MISMATCH,MISMATCH,MISMATCH,MISMATCH,PARTIAL_MATCH,UNKNOWN,PARTIAL_MATCH,MATCH,PARTIAL_MATCH,NOT_APPROPRIATE,WEAK,WEAK,NOT_APPROPRIATE,WEAK,"Different species and macrophage recipient; even if files resolve, can only test distant EV response.",https://data.mendeley.com/datasets/gm29wd7b94/1,NA
S009,GSE141814,NCBI GEO,Single cell RNA-seq analyses of dermis from wound day 18 large skin wounds that healed in a fibrotic or regenerative fashion.,NA,NA,NA,Mus musculus,mixed skin wound cells,skin,NA,NONE,NA,regenerative versus fibrotic wounds; no EV exposure,NA,NA,single-cell RNA-seq,2 pooled libraries,NA,NA,each library pooled from multiple wounds; no independent replicate library,YES,YES,NA,NA,NA,NA,YES,INELIGIBLE,"No EV perturbation; reference context only, not EV replication.",L10 C3.5 paper is reanalysis of these same samples; not a new independent dataset.,NA,NA,NA,NA,NA,NA,NA,NA,NA,NA,NA,NA,NA,NA,NA,https://www.ncbi.nlm.nih.gov/geo/query/acc.cgi?acc=GSE141814,https://doi.org/10.3389/fimmu.2022.875407
S010,altoslabs/scGeneScope,Hugging Face,scGeneScope: A Perturbationally-Paired Single Cell Imaging and Transcriptomics Dataset and Benchmark for Treatment Response Modeling,2025,NA,NA,Homo sapiens,U2-OS osteosarcoma cells,bone tumor cell line,NA,NONE,NA,28 small-molecule chemical interventions,NA,NA,single-cell RNA-seq and imaging,NA,NA,NA,NA,NA,NA,NA,NA,NA,NA,YES,INELIGIBLE,No EV exposure and no fibroblast recipient; methods resource only.,NA,NA,NA,NA,NA,NA,NA,NA,NA,NA,NA,NA,NA,NA,NA,NA,https://huggingface.co/datasets/altoslabs/scGeneScope,https://proceedings.neurips.cc/paper_files/paper/2025/hash/ce02df43d66626bb7087ec699e20c7ea-Abstract-Datasets_and_Benchmarks_Track.html
S011,GSE184084,NCBI GEO,Small RNA sequencing of small extracellular vesicles derived from senescent vs. nonsenescent human dermal fibroblasts (HDFs),NA,NA,NA,Homo sapiens,NONE; EV cargo assayed,skin fibroblast EV source,NA,human dermal fibroblasts,NA,senescent versus normal EV cargo,NA,NA,EV small RNA profiling,2,NA,NA,NA,YES_SRA,YES_GEO_XLS,NA,NA,NA,NA,YES,INELIGIBLE,Profiles cargo in fibroblast-produced EVs; no EV-treated recipient fibroblast transcriptome.,NA,NA,NA,NA,NA,NA,NA,NA,NA,NA,NA,NA,NA,NA,NA,NA,https://www.ncbi.nlm.nih.gov/geo/query/acc.cgi?acc=GSE184084,NA
S012,PMID34203413,PubMed; public expression accession NA,Extracellular Vesicles (Secretomes) from Human Trophoblasts Promote the Regeneration of Skin Fibroblasts,2021,NA,34203413,Homo sapiens,normal human dermal fibroblasts,skin dermis,NA,human trophoblasts,exosomes and conditioned medium tested separately,RNA-seq was scratch-wounded fibroblasts treated with trophoblast conditioned medium,NA,NA,bulk RNA-seq described for conditioned medium arm,NA,NA,NA,NA,NA,NA,NA,NA,NA,NA,YES,INELIGIBLE,"Sequenced perturbation is trophoblast conditioned medium, not isolated exosomes; no EV-only RNA-seq comparator verified.",Functional EV assays do not make the RNA-seq an EV-specific contrast.,NA,NA,NA,NA,NA,NA,NA,NA,NA,NA,NA,NA,NA,NA,NA,https://pubmed.ncbi.nlm.nih.gov/34203413/,NA
S013,GSE293186;PRJNA1243317,NCBI GEO; SRA,The role of Endothelial cell-derived Extracellular Vesicles in modulating Fibroblast Function in Skin Wound Healing,2026,10.1016/j.jid.2025.10.584,41161638,Homo sapiens,primary dermal fibroblasts,skin dermis,NA,endothelial cells,ECEV,ECEV versus CTRL,NA,72 h,bulk RNA-seq,6,3,3,NA,NA,NA,NA,NA,NA,NA,NO,INELIGIBLE,EXP001 source dataset itself; cannot independently validate its own findings.,"GEO and BioProject are the same six biological samples, counted once.",NA,NA,NA,NA,NA,NA,NA,NA,NA,NA,NA,NA,NA,NA,NA,https://www.ncbi.nlm.nih.gov/geo/query/acc.cgi?acc=GSE293186,NA
S014,GSE157022,NCBI GEO,Extracellular Vesicles From Liver Progenitor Cells Downregulates Fibroblast Metabolic Activity and Increase the Expression of Immune-Response Related Molecules,2021,10.3389/fcell.2020.613583,NA,Mus musculus,3T3-L1 fibroblast-like preadipocyte cell line,adipose precursor,cell line,MLP29 mouse liver progenitor cells,EV,EV versus untreated/control described in paper,NA,NA,transcriptomic profiling; exact GEO platform unverified,NA,NA,NA,NA,NA,NA,NA,NA,NA,NA,YES,UNCERTAIN,Mouse 3T3-L1 is at most Tier C; GEO sample-level comparator map not verified in this pass.,"Publisher article links GSE157022, but indexing did not yield authoritative series/sample metadata.",NA,NA,NA,NA,NA,NA,NA,NA,NA,NA,NA,NA,NA,NA,NA,https://www.ncbi.nlm.nih.gov/geo/query/acc.cgi?acc=GSE157022,https://doi.org/10.3389/fcell.2020.613583
