gsm_id,srr_id,sra_experiment_id,biosample_id,sample_name,condition,exposure_class,recipient_cell,recipient_tissue,recipient_donor,recipient_donor_lot,ev_source,ev_donor,ev_donor_lot,ev_preparation,batch,experimental_replicate,biological_replicate,technical_replicate,paired_with,time_h,dose,sequencing_run,quantification_source,quantification_file,statistical_unit,notes
GSM7988505,SRR27319328,SRX22996544,SAMN39054811,DMEM_1,CTRL_DMEM,CONTROL,primary normal human dermal fibroblasts,adult skin dermis,one adult PromoCell donor lot; donor ID not disclosed,412Z029.2,human bone-marrow mesenchymal stromal cells,NA,NA,NA,1,DMEM_1,GSM7988505,NA,NA,48,0 ug/mL; DMEM 1% Pen/Strep,SRR27319328,https://ftp.ncbi.nlm.nih.gov/geo/samples/GSM7988nnn/GSM7988505/suppl/GSM7988505_DMEM_1.quant.sf.gz.tabular.txt.gz,GSM7988505_DMEM_1.quant.sf.gz.tabular.txt.gz,separately cultured NHDF well (author biological replicate; provisional),One unique GSM/BioSample/SRX/SRR; no explicit pair to the same-numbered opposite arm; EV-preparation identity not published.
GSM7988506,SRR27319327,SRX22996545,SAMN39054810,DMEM_2,CTRL_DMEM,CONTROL,primary normal human dermal fibroblasts,adult skin dermis,one adult PromoCell donor lot; donor ID not disclosed,412Z029.2,human bone-marrow mesenchymal stromal cells,NA,NA,NA,1,DMEM_2,GSM7988506,NA,NA,48,0 ug/mL; DMEM 1% Pen/Strep,SRR27319327,https://ftp.ncbi.nlm.nih.gov/geo/samples/GSM7988nnn/GSM7988506/suppl/GSM7988506_DMEM_2.quant.sf.gz.tabular.txt.gz,GSM7988506_DMEM_2.quant.sf.gz.tabular.txt.gz,separately cultured NHDF well (author biological replicate; provisional),One unique GSM/BioSample/SRX/SRR; no explicit pair to the same-numbered opposite arm; EV-preparation identity not published.
GSM7988507,SRR27319326,SRX22996546,SAMN39054809,DMEM_3,CTRL_DMEM,CONTROL,primary normal human dermal fibroblasts,adult skin dermis,one adult PromoCell donor lot; donor ID not disclosed,412Z029.2,human bone-marrow mesenchymal stromal cells,NA,NA,NA,1,DMEM_3,GSM7988507,NA,NA,48,0 ug/mL; DMEM 1% Pen/Strep,SRR27319326,https://ftp.ncbi.nlm.nih.gov/geo/samples/GSM7988nnn/GSM7988507/suppl/GSM7988507_DMEM_3.quant.sf.gz.tabular.txt.gz,GSM7988507_DMEM_3.quant.sf.gz.tabular.txt.gz,separately cultured NHDF well (author biological replicate; provisional),One unique GSM/BioSample/SRX/SRR; no explicit pair to the same-numbered opposite arm; EV-preparation identity not published.
GSM7988508,SRR27319325,SRX22996547,SAMN39054808,DMEM_4,CTRL_DMEM,CONTROL,primary normal human dermal fibroblasts,adult skin dermis,one adult PromoCell donor lot; donor ID not disclosed,412Z029.2,human bone-marrow mesenchymal stromal cells,NA,NA,NA,1,DMEM_4,GSM7988508,NA,NA,48,0 ug/mL; DMEM 1% Pen/Strep,SRR27319325,https://ftp.ncbi.nlm.nih.gov/geo/samples/GSM7988nnn/GSM7988508/suppl/GSM7988508_DMEM_4.quant.sf.gz.tabular.txt.gz,GSM7988508_DMEM_4.quant.sf.gz.tabular.txt.gz,separately cultured NHDF well (author biological replicate; provisional),One unique GSM/BioSample/SRX/SRR; no explicit pair to the same-numbered opposite arm; EV-preparation identity not published.
GSM7988509,SRR27319324,SRX22996548,SAMN39054807,EV_1,MSC_sEV,EV,primary normal human dermal fibroblasts,adult skin dermis,one adult PromoCell donor lot; donor ID not disclosed,412Z029.2,human bone-marrow mesenchymal stromal cells,one PromoCell MSC donor lot; donor ID not disclosed,438Z012.1,NA,1,EV_1,GSM7988509,NA,NA,48,30 ug/mL sEV-fraction protein (BCA assay),SRR27319324,https://ftp.ncbi.nlm.nih.gov/geo/samples/GSM7988nnn/GSM7988509/suppl/GSM7988509_EV_1.quant.sf.gz.tabular.txt.gz,GSM7988509_EV_1.quant.sf.gz.tabular.txt.gz,separately cultured NHDF well (author biological replicate; provisional),One unique GSM/BioSample/SRX/SRR; no explicit pair to the same-numbered opposite arm; EV-preparation identity not published.
GSM7988510,SRR27319323,SRX22996549,SAMN39054806,EV_2,MSC_sEV,EV,primary normal human dermal fibroblasts,adult skin dermis,one adult PromoCell donor lot; donor ID not disclosed,412Z029.2,human bone-marrow mesenchymal stromal cells,one PromoCell MSC donor lot; donor ID not disclosed,438Z012.1,NA,1,EV_2,GSM7988510,NA,NA,48,30 ug/mL sEV-fraction protein (BCA assay),SRR27319323,https://ftp.ncbi.nlm.nih.gov/geo/samples/GSM7988nnn/GSM7988510/suppl/GSM7988510_EV_2.quant.sf.gz.tabular.txt.gz,GSM7988510_EV_2.quant.sf.gz.tabular.txt.gz,separately cultured NHDF well (author biological replicate; provisional),One unique GSM/BioSample/SRX/SRR; no explicit pair to the same-numbered opposite arm; EV-preparation identity not published.
GSM7988511,SRR27319322,SRX22996550,SAMN39054805,EV_3,MSC_sEV,EV,primary normal human dermal fibroblasts,adult skin dermis,one adult PromoCell donor lot; donor ID not disclosed,412Z029.2,human bone-marrow mesenchymal stromal cells,one PromoCell MSC donor lot; donor ID not disclosed,438Z012.1,NA,1,EV_3,GSM7988511,NA,NA,48,30 ug/mL sEV-fraction protein (BCA assay),SRR27319322,https://ftp.ncbi.nlm.nih.gov/geo/samples/GSM7988nnn/GSM7988511/suppl/GSM7988511_EV_3.quant.sf.gz.tabular.txt.gz,GSM7988511_EV_3.quant.sf.gz.tabular.txt.gz,separately cultured NHDF well (author biological replicate; provisional),One unique GSM/BioSample/SRX/SRR; no explicit pair to the same-numbered opposite arm; EV-preparation identity not published.
GSM7988512,SRR27319321,SRX22996551,SAMN39054804,EV_4,MSC_sEV,EV,primary normal human dermal fibroblasts,adult skin dermis,one adult PromoCell donor lot; donor ID not disclosed,412Z029.2,human bone-marrow mesenchymal stromal cells,one PromoCell MSC donor lot; donor ID not disclosed,438Z012.1,NA,1,EV_4,GSM7988512,NA,NA,48,30 ug/mL sEV-fraction protein (BCA assay),SRR27319321,https://ftp.ncbi.nlm.nih.gov/geo/samples/GSM7988nnn/GSM7988512/suppl/GSM7988512_EV_4.quant.sf.gz.tabular.txt.gz,GSM7988512_EV_4.quant.sf.gz.tabular.txt.gz,separately cultured NHDF well (author biological replicate; provisional),One unique GSM/BioSample/SRX/SRR; no explicit pair to the same-numbered opposite arm; EV-preparation identity not published.
GSM7988517,SRR27319316,SRX22996556,SAMN39054799,DMEM_5,CTRL_DMEM,CONTROL,primary normal human dermal fibroblasts,adult skin dermis,one adult PromoCell donor lot; donor ID not disclosed,412Z029.2,human bone-marrow mesenchymal stromal cells,NA,NA,NA,2,DMEM_5,GSM7988517,NA,NA,48,0 ug/mL; DMEM 1% Pen/Strep,SRR27319316,https://ftp.ncbi.nlm.nih.gov/geo/samples/GSM7988nnn/GSM7988517/suppl/GSM7988517_DMEM_5.quant.sf.gz.tabular.txt.gz,GSM7988517_DMEM_5.quant.sf.gz.tabular.txt.gz,separately cultured NHDF well (author biological replicate; provisional),One unique GSM/BioSample/SRX/SRR; no explicit pair to the same-numbered opposite arm; EV-preparation identity not published.
GSM7988518,SRR27319315,SRX22996557,SAMN39054798,DMEM_6,CTRL_DMEM,CONTROL,primary normal human dermal fibroblasts,adult skin dermis,one adult PromoCell donor lot; donor ID not disclosed,412Z029.2,human bone-marrow mesenchymal stromal cells,NA,NA,NA,2,DMEM_6,GSM7988518,NA,NA,48,0 ug/mL; DMEM 1% Pen/Strep,SRR27319315,https://ftp.ncbi.nlm.nih.gov/geo/samples/GSM7988nnn/GSM7988518/suppl/GSM7988518_DMEM_6.quant.sf.gz.tabular.txt.gz,GSM7988518_DMEM_6.quant.sf.gz.tabular.txt.gz,separately cultured NHDF well (author biological replicate; provisional),One unique GSM/BioSample/SRX/SRR; no explicit pair to the same-numbered opposite arm; EV-preparation identity not published.
GSM7988519,SRR27319314,SRX22996558,SAMN39054797,DMEM_7,CTRL_DMEM,CONTROL,primary normal human dermal fibroblasts,adult skin dermis,one adult PromoCell donor lot; donor ID not disclosed,412Z029.2,human bone-marrow mesenchymal stromal cells,NA,NA,NA,2,DMEM_7,GSM7988519,NA,NA,48,0 ug/mL; DMEM 1% Pen/Strep,SRR27319314,https://ftp.ncbi.nlm.nih.gov/geo/samples/GSM7988nnn/GSM7988519/suppl/GSM7988519_DMEM_7.quant.sf.gz.tabular.txt.gz,GSM7988519_DMEM_7.quant.sf.gz.tabular.txt.gz,separately cultured NHDF well (author biological replicate; provisional),One unique GSM/BioSample/SRX/SRR; no explicit pair to the same-numbered opposite arm; EV-preparation identity not published.
GSM7988520,SRR27319313,SRX22996559,SAMN39054796,DMEM_8,CTRL_DMEM,CONTROL,primary normal human dermal fibroblasts,adult skin dermis,one adult PromoCell donor lot; donor ID not disclosed,412Z029.2,human bone-marrow mesenchymal stromal cells,NA,NA,NA,2,DMEM_8,GSM7988520,NA,NA,48,0 ug/mL; DMEM 1% Pen/Strep,SRR27319313,https://ftp.ncbi.nlm.nih.gov/geo/samples/GSM7988nnn/GSM7988520/suppl/GSM7988520_DMEM_8.quant.sf.gz.tabular.txt.gz,GSM7988520_DMEM_8.quant.sf.gz.tabular.txt.gz,separately cultured NHDF well (author biological replicate; provisional),One unique GSM/BioSample/SRX/SRR; no explicit pair to the same-numbered opposite arm; EV-preparation identity not published.
GSM7988521,SRR27319312,SRX22996560,SAMN39054795,EV_5,MSC_sEV,EV,primary normal human dermal fibroblasts,adult skin dermis,one adult PromoCell donor lot; donor ID not disclosed,412Z029.2,human bone-marrow mesenchymal stromal cells,one PromoCell MSC donor lot; donor ID not disclosed,438Z012.1,NA,2,EV_5,GSM7988521,NA,NA,48,30 ug/mL sEV-fraction protein (BCA assay),SRR27319312,https://ftp.ncbi.nlm.nih.gov/geo/samples/GSM7988nnn/GSM7988521/suppl/GSM7988521_EV_5.quant.sf.gz.tabular.txt.gz,GSM7988521_EV_5.quant.sf.gz.tabular.txt.gz,separately cultured NHDF well (author biological replicate; provisional),One unique GSM/BioSample/SRX/SRR; no explicit pair to the same-numbered opposite arm; EV-preparation identity not published.
GSM7988522,SRR27319311,SRX22996561,SAMN39054794,EV_6,MSC_sEV,EV,primary normal human dermal fibroblasts,adult skin dermis,one adult PromoCell donor lot; donor ID not disclosed,412Z029.2,human bone-marrow mesenchymal stromal cells,one PromoCell MSC donor lot; donor ID not disclosed,438Z012.1,NA,2,EV_6,GSM7988522,NA,NA,48,30 ug/mL sEV-fraction protein (BCA assay),SRR27319311,https://ftp.ncbi.nlm.nih.gov/geo/samples/GSM7988nnn/GSM7988522/suppl/GSM7988522_EV_6.quant.sf.gz.tabular.txt.gz,GSM7988522_EV_6.quant.sf.gz.tabular.txt.gz,separately cultured NHDF well (author biological replicate; provisional),One unique GSM/BioSample/SRX/SRR; no explicit pair to the same-numbered opposite arm; EV-preparation identity not published.
GSM7988523,SRR27319310,SRX22996562,SAMN39054793,EV_7,MSC_sEV,EV,primary normal human dermal fibroblasts,adult skin dermis,one adult PromoCell donor lot; donor ID not disclosed,412Z029.2,human bone-marrow mesenchymal stromal cells,one PromoCell MSC donor lot; donor ID not disclosed,438Z012.1,NA,2,EV_7,GSM7988523,NA,NA,48,30 ug/mL sEV-fraction protein (BCA assay),SRR27319310,https://ftp.ncbi.nlm.nih.gov/geo/samples/GSM7988nnn/GSM7988523/suppl/GSM7988523_EV_7.quant.sf.gz.tabular.txt.gz,GSM7988523_EV_7.quant.sf.gz.tabular.txt.gz,separately cultured NHDF well (author biological replicate; provisional),One unique GSM/BioSample/SRX/SRR; no explicit pair to the same-numbered opposite arm; EV-preparation identity not published.
GSM7988524,SRR27319309,SRX22996563,SAMN39054792,EV_8,MSC_sEV,EV,primary normal human dermal fibroblasts,adult skin dermis,one adult PromoCell donor lot; donor ID not disclosed,412Z029.2,human bone-marrow mesenchymal stromal cells,one PromoCell MSC donor lot; donor ID not disclosed,438Z012.1,NA,2,EV_8,GSM7988524,NA,NA,48,30 ug/mL sEV-fraction protein (BCA assay),SRR27319309,https://ftp.ncbi.nlm.nih.gov/geo/samples/GSM7988nnn/GSM7988524/suppl/GSM7988524_EV_8.quant.sf.gz.tabular.txt.gz,GSM7988524_EV_8.quant.sf.gz.tabular.txt.gz,separately cultured NHDF well (author biological replicate; provisional),One unique GSM/BioSample/SRX/SRR; no explicit pair to the same-numbered opposite arm; EV-preparation identity not published.
