response_id,context_id,axis,direction,evidence_status,evidence_layer,primary_evidence_type,representative_term_id,NES,FDR,key_terms,component_ids,leading_edge_genes,sensitivity_status,phenotype_anchor_status,evidence_confidence,limitations,source_checkpoint
RSP_CTX001_P,CTX001,P,POSITIVE_DOMINANT_WITH_OPPOSING_COMPONENTS,QUALIFIED,TRANSCRIPTOME,GSEA_PRERANK,HALLMARK_E2F_TARGETS,3.1773590469989497,0.0,GOBP_ATTACHMENT_OF_MITOTIC_SPINDLE_MICROTUBULES_TO_KINETOCHORE;GOBP_ATTACHMENT_OF_SPINDLE_MICROTUBULES_TO_KINETOCHORE;GOBP_CELL_CYCLE_CHECKPOINT_SIGNALING;GOBP_CELL_CYCLE_DNA_REPLICATION;GOBP_CELL_CYCLE_G1_S_PHASE_TRANSITION;GOBP_CELL_CYCLE_G2_M_PHASE_TRANSITION;GOBP_CHROMOSOME_ORGANIZATION_INVOLVED_IN_MEIOTIC_CELL_CYCLE;GOBP_CHROMOSOME_SEGREGATION;GOBP_CYTOKINESIS;GOBP_CYTOSKELETON_DEPENDENT_CYTOKINESIS;GOBP_DNA_REPLICATION;GOBP_DNA_REPLICATION_CHECKPOINT_SIGNALING;GOBP_DNA_REPLICATION_INITIATION;GOBP_DNA_STRAND_ELONGATION_INVOLVED_IN_DNA_REPLICATION;GOBP_DNA_SYNTHESIS_INVOLVED_IN_DNA_REPLICATION;GOBP_DNA_TEMPLATED_DNA_REPLICATION;GOBP_DNA_TEMPLATED_DNA_REPLICATION_MAINTENANCE_OF_FIDELITY;GOBP_ESTABLISHMENT_OF_MITOTIC_SPINDLE_LOCALIZATION;GOBP_ESTABLISHMENT_OF_SPINDLE_ORIENTATION;GOBP_HOMOLOGOUS_CHROMOSOME_SEGREGATION;GOBP_MEIOSIS_I_CELL_CYCLE_PROCESS;GOBP_MEIOTIC_CELL_CYCLE;GOBP_MEIOTIC_CELL_CYCLE_PROCESS;GOBP_MEIOTIC_CHROMOSOME_SEGREGATION;GOBP_MEIOTIC_SPINDLE_ASSEMBLY;GOBP_MEIOTIC_SPINDLE_ORGANIZATION;GOBP_MITOCHONDRIAL_DNA_REPLICATION;GOBP_MITOTIC_CELL_CYCLE_CHECKPOINT_SIGNALING;GOBP_MITOTIC_CELL_CYCLE_PHASE_TRANSITION;GOBP_MITOTIC_CHROMOSOME_CONDENSATION;GOBP_MITOTIC_CYTOKINESIS;GOBP_MITOTIC_CYTOKINETIC_PROCESS;GOBP_MITOTIC_DNA_INTEGRITY_CHECKPOINT_SIGNALING;GOBP_MITOTIC_DNA_REPLICATION;GOBP_MITOTIC_G2_DNA_DAMAGE_CHECKPOINT_SIGNALING;GOBP_MITOTIC_G2_M_TRANSITION_CHECKPOINT;GOBP_MITOTIC_INTRA_S_DNA_DAMAGE_CHECKPOINT_SIGNALING;GOBP_MITOTIC_METAPHASE_CHROMOSOME_ALIGNMENT;GOBP_MITOTIC_NUCLEAR_DIVISION;GOBP_MITOTIC_RECOMBINATION;GOBP_MITOTIC_SISTER_CHROMATID_COHESION;GOBP_MITOTIC_SISTER_CHROMATID_SEGREGATION;GOBP_MITOTIC_SISTER_CHROMATID_SEPARATION;GOBP_MITOTIC_SPINDLE_ASSEMBLY;GOBP_MITOTIC_SPINDLE_ORGANIZATION;GOBP_NEGATIVE_REGULATION_OF_CELL_CYCLE;GOBP_NEGATIVE_REGULATION_OF_CELL_CYCLE_G2_M_PHASE_TRANSITION;GOBP_NEGATIVE_REGULATION_OF_CELL_CYCLE_PROCESS;GOBP_NEGATIVE_REGULATION_OF_DNA_REPLICATION;GOBP_NEGATIVE_REGULATION_OF_MITOTIC_CELL_CYCLE;GOBP_NEGATIVE_REGULATION_OF_MITOTIC_CELL_CYCLE_PHASE_TRANSITION;GOBP_NEGATIVE_REGULATION_OF_SMOOTH_MUSCLE_CELL_PROLIFERATION;GOBP_NEGATIVE_REGULATION_OF_VASCULAR_ASSOCIATED_SMOOTH_MUSCLE_CELL_PROLIFERATION;GOBP_NUCLEAR_CHROMOSOME_SEGREGATION;GOBP_POSITIVE_REGULATION_OF_CELL_CYCLE;GOBP_POSITIVE_REGULATION_OF_CELL_CYCLE_CHECKPOINT;GOBP_POSITIVE_REGULATION_OF_CELL_CYCLE_G2_M_PHASE_TRANSITION;GOBP_POSITIVE_REGULATION_OF_CELL_CYCLE_PHASE_TRANSITION;GOBP_POSITIVE_REGULATION_OF_CELL_CYCLE_PROCESS;GOBP_POSITIVE_REGULATION_OF_CHROMOSOME_SEGREGATION;GOBP_POSITIVE_REGULATION_OF_CYTOKINESIS;GOBP_POSITIVE_REGULATION_OF_DNA_REPLICATION;GOBP_POSITIVE_REGULATION_OF_METAPHASE_ANAPHASE_TRANSITION_OF_CELL_CYCLE;GOBP_POSITIVE_REGULATION_OF_MITOTIC_CELL_CYCLE;GOBP_POSITIVE_REGULATION_OF_MITOTIC_CELL_CYCLE_PHASE_TRANSITION;GOBP_POSITIVE_REGULATION_OF_MITOTIC_NUCLEAR_DIVISION;GOBP_POSITIVE_REGULATION_OF_MITOTIC_SISTER_CHROMATID_SEPARATION;GOBP_POSITIVE_REGULATION_OF_SPINDLE_CHECKPOINT;GOBP_REGULATION_OF_ATTACHMENT_OF_SPINDLE_MICROTUBULES_TO_KINETOCHORE;GOBP_REGULATION_OF_CELL_CYCLE_CHECKPOINT;GOBP_REGULATION_OF_CELL_CYCLE_G2_M_PHASE_TRANSITION;GOBP_REGULATION_OF_CELL_CYCLE_PHASE_TRANSITION;GOBP_REGULATION_OF_CHROMOSOME_SEGREGATION;GOBP_REGULATION_OF_CYTOKINESIS;GOBP_REGULATION_OF_DNA_REPLICATION;GOBP_REGULATION_OF_DNA_TEMPLATED_DNA_REPLICATION;GOBP_REGULATION_OF_DNA_TEMPLATED_DNA_REPLICATION_INITIATION;GOBP_REGULATION_OF_MITOTIC_CELL_CYCLE;GOBP_REGULATION_OF_MITOTIC_CELL_CYCLE_PHASE_TRANSITION;GOBP_REGULATION_OF_MITOTIC_CYTOKINESIS;GOBP_REGULATION_OF_MITOTIC_NUCLEAR_DIVISION;GOBP_REGULATION_OF_MITOTIC_SISTER_CHROMATID_SEGREGATION;GOBP_REGULATION_OF_SPINDLE_CHECKPOINT;GOBP_REGULATION_OF_SPINDLE_ORGANIZATION;GOBP_SMOOTH_MUSCLE_CELL_PROLIFERATION;GOBP_SPINDLE_ASSEMBLY;GOBP_SPINDLE_LOCALIZATION;GOBP_SPINDLE_ORGANIZATION;GOBP_VASCULAR_ASSOCIATED_SMOOTH_MUSCLE_CELL_PROLIFERATION;HALLMARK_E2F_TARGETS;HALLMARK_G2M_CHECKPOINT;HALLMARK_MITOTIC_SPINDLE;REACTOME_ACTIVATION_OF_APC_C_AND_APC_C_CDC20_MEDIATED_DEGRADATION_OF_MITOTIC_PROTEINS;REACTOME_APC_C_MEDIATED_DEGRADATION_OF_CELL_CYCLE_PROTEINS;REACTOME_CELL_CYCLE_CHECKPOINTS;REACTOME_DISEASES_OF_MITOTIC_CELL_CYCLE;REACTOME_DNA_REPLICATION;REACTOME_DNA_REPLICATION_PRE_INITIATION;REACTOME_E2F_MEDIATED_REGULATION_OF_DNA_REPLICATION;REACTOME_FBXL7_DOWN_REGULATES_AURKA_DURING_MITOTIC_ENTRY_AND_IN_EARLY_MITOSIS;REACTOME_INHIBITION_OF_THE_PROTEOLYTIC_ACTIVITY_OF_APC_C_REQUIRED_FOR_THE_ONSET_OF_ANAPHASE_BY_MITOTIC_SPINDLE_CHECKPOINT_COMPONENTS;REACTOME_MEIOSIS;REACTOME_MITOTIC_G1_PHASE_AND_G1_S_TRANSITION;REACTOME_MITOTIC_G2_G2_M_PHASES;REACTOME_MITOTIC_METAPHASE_AND_ANAPHASE;REACTOME_MITOTIC_PROMETAPHASE;REACTOME_MITOTIC_PROPHASE;REACTOME_MITOTIC_SPINDLE_CHECKPOINT;REACTOME_POSTMITOTIC_NUCLEAR_PORE_COMPLEX_NPC_REFORMATION;REACTOME_RECRUITMENT_OF_MITOTIC_CENTROSOME_PROTEINS_AND_COMPLEXES;REACTOME_RECRUITMENT_OF_NUMA_TO_MITOTIC_CENTROSOMES;REACTOME_REGULATION_OF_MITF_M_DEPENDENT_GENES_INVOLVED_IN_CELL_CYCLE_AND_PROLIFERATION;REACTOME_SUMOYLATION_OF_DNA_REPLICATION_PROTEINS;REACTOME_TP53_REGULATES_TRANSCRIPTION_OF_CELL_CYCLE_GENES;REACTOME_TP53_REGULATES_TRANSCRIPTION_OF_GENES_INVOLVED_IN_G2_CELL_CYCLE_ARREST,P003;P004;P008;P009;P013;P014;P015;P016;P017;P018;P019;P020;P021;P023;P029;P030;P032;P033;P034;P035;P037;P038;P039;P040;P041;P042;P043;P045;P050;P053;P054;P055;P056;P057;P058;P060;P061;P064;P065;P066;P067;P068;P070;P071;P076;P077;P078;P079;P081;P082;P083;P084;P086;P087;P088;P089;P090;P091;P092;P093;P094;P095;P096;P098;P099,ENSG00000002016;ENSG00000003137;ENSG00000004455;ENSG00000004700;ENSG00000004897;ENSG00000005007;ENSG00000005022;ENSG00000005249;ENSG00000006634;ENSG00000007968;ENSG00000008018;ENSG00000010244;ENSG00000010292;ENSG00000011332;ENSG00000011426;ENSG00000012048;ENSG00000012061;ENSG00000013573;ENSG00000013810;ENSG00000014138;ENSG00000020426;ENSG00000020922;ENSG00000024526;ENSG00000025770;ENSG00000028116;ENSG00000029993;ENSG00000030066;ENSG00000031691;ENSG00000037042;ENSG00000037474;ENSG00000039650;ENSG00000040275;ENSG00000041357;ENSG00000041880;ENSG00000043143;ENSG00000044090;ENSG00000046651;ENSG00000047410;ENSG00000049540;ENSG00000049541;ENSG00000051341;ENSG00000054282;ENSG00000054654;ENSG00000058091;ENSG00000058804;ENSG00000059758;ENSG00000062822;ENSG00000064102;ENSG00000065328;ENSG00000066279;ENSG00000069275;ENSG00000071539;ENSG00000071794;ENSG00000072401;ENSG00000072501;ENSG00000072571;ENSG00000072864;ENSG00000073050;ENSG00000073111;ENSG00000075131;ENSG00000075188;ENSG00000075218;ENSG00000075618;ENSG00000075702;ENSG00000076003;ENSG00000076242;ENSG00000076248;ENSG00000076382;ENSG00000077152;ENSG00000077514;ENSG00000077549;ENSG00000078401;ENSG00000079616;ENSG00000080824;ENSG00000080839;ENSG00000080986;ENSG00000082898;ENSG00000083642;ENSG00000085840;ENSG00000085999;ENSG00000086827;ENSG00000087088;ENSG00000087191;ENSG00000087245;ENSG00000087586;ENSG00000088325;ENSG00000089053;ENSG00000089159;ENSG00000089685;ENSG00000090273;ENSG00000090447;ENSG00000090889;ENSG00000091436;ENSG00000091651;ENSG00000092201;ENSG00000092470;ENSG00000092853;ENSG00000093000;ENSG00000093009;ENSG00000094804;ENSG00000094914;ENSG00000094916;ENSG00000095002;ENSG00000095319;ENSG00000096063;ENSG00000096384;ENSG00000096401;ENSG00000097046;ENSG00000099341;ENSG00000099901;ENSG00000099956;ENSG00000099994;ENSG00000100162;ENSG00000100206;ENSG00000100219;ENSG00000100292;ENSG00000100297;ENSG00000100304;ENSG00000100387;ENSG00000100401;ENSG00000100462;ENSG00000100479;ENSG00000100503;ENSG00000100519;ENSG00000100526;ENSG00000100644;ENSG00000100726;ENSG00000100749;ENSG00000100764;ENSG00000100911;ENSG00000100918;ENSG00000101003;ENSG00000101057;ENSG00000101146;ENSG00000101182;ENSG00000101224;ENSG00000101347;ENSG00000101361;ENSG00000101367;ENSG00000101407;ENSG00000101412;ENSG00000101447;ENSG00000101624;ENSG00000101639;ENSG00000101868;ENSG00000101945;ENSG00000101972;ENSG00000102054;ENSG00000102225;ENSG00000102384;ENSG00000102678;ENSG00000102760;ENSG00000102900;ENSG00000102901;ENSG00000102977;ENSG00000103035;ENSG00000103056;ENSG00000103194;ENSG00000103342;ENSG00000103540;ENSG00000103995;ENSG00000104320;ENSG00000104738;ENSG00000104884;ENSG00000105011;ENSG00000105173;ENSG00000105255;ENSG00000105325;ENSG00000105329;ENSG00000105486;ENSG00000105576;ENSG00000105976;ENSG00000106028;ENSG00000106399;ENSG00000106462;ENSG00000106477;ENSG00000106628;ENSG00000106809;ENSG00000107338;ENSG00000107815;ENSG00000107937;ENSG00000107960;ENSG00000108055;ENSG00000108094;ENSG00000108106;ENSG00000108344;ENSG00000108389;ENSG00000108424;ENSG00000108559;ENSG00000108604;ENSG00000108671;ENSG00000108773;ENSG00000108953;ENSG00000109670;ENSG00000109685;ENSG00000109805;ENSG00000109917;ENSG00000110092;ENSG00000110104;ENSG00000110107;ENSG00000110713;ENSG00000110987;ENSG00000111206;ENSG00000111247;ENSG00000111445;ENSG00000111581;ENSG00000111602;ENSG00000111665;ENSG00000112029;ENSG00000112118;ENSG00000112312;ENSG00000112576;ENSG00000112742;ENSG00000112877;ENSG00000112984;ENSG00000113141;ENSG00000113368;ENSG00000113558;ENSG00000113569;ENSG00000113721;ENSG00000113810;ENSG00000114107;ENSG00000114166;ENSG00000114315;ENSG00000114346;ENSG00000115053;ENSG00000115163;ENSG00000115233;ENSG00000115350;ENSG00000115461;ENSG00000116030;ENSG00000116062;ENSG00000116161;ENSG00000116478;ENSG00000116560;ENSG00000116604;ENSG00000116670;ENSG00000116750;ENSG00000117318;ENSG00000117399;ENSG00000117632;ENSG00000117650;ENSG00000117724;ENSG00000117748;ENSG00000118193;ENSG00000118503;ENSG00000118513;ENSG00000119203;ENSG00000119397;ENSG00000119906;ENSG00000119969;ENSG00000120253;ENSG00000120334;ENSG00000120539;ENSG00000120802;ENSG00000121068;ENSG00000121152;ENSG00000121211;ENSG00000121579;ENSG00000121621;ENSG00000121774;ENSG00000122641;ENSG00000122882;ENSG00000122952;ENSG00000122966;ENSG00000123080;ENSG00000123136;ENSG00000123219;ENSG00000123374;ENSG00000123416;ENSG00000123473;ENSG00000123485;ENSG00000123505;ENSG00000123975;ENSG00000124126;ENSG00000124207;ENSG00000124762;ENSG00000124789;ENSG00000124795;ENSG00000124882;ENSG00000125148;ENSG00000125378;ENSG00000125450;ENSG00000125821;ENSG00000125834;ENSG00000125835;ENSG00000125845;ENSG00000125871;ENSG00000125885;ENSG00000125898;ENSG00000126067;ENSG00000126215;ENSG00000126457;ENSG00000126787;ENSG00000126803;ENSG00000127423;ENSG00000127564;ENSG00000127586;ENSG00000127616;ENSG00000127824;ENSG00000127922;ENSG00000128050;ENSG00000128512;ENSG00000128944;ENSG00000128951;ENSG00000128989;ENSG00000129084;ENSG00000129173;ENSG00000129351;ENSG00000129355;ENSG00000129534;ENSG00000129810;ENSG00000130176;ENSG00000130203;ENSG00000130640;ENSG00000130816;ENSG00000131153;ENSG00000131351;ENSG00000131462;ENSG00000131470;ENSG00000131747;ENSG00000131788;ENSG00000132341;ENSG00000132383;ENSG00000132436;ENSG00000132466;ENSG00000132604;ENSG00000132646;ENSG00000132688;ENSG00000132780;ENSG00000133119;ENSG00000133302;ENSG00000134057;ENSG00000134222;ENSG00000134308;ENSG00000134690;ENSG00000135111;ENSG00000135446;ENSG00000135451;ENSG00000135476;ENSG00000135503;ENSG00000135829;ENSG00000136108;ENSG00000136122;ENSG00000136158;ENSG00000136270;ENSG00000136450;ENSG00000136492;ENSG00000136518;ENSG00000136527;ENSG00000136709;ENSG00000136807;ENSG00000136811;ENSG00000136824;ENSG00000136930;ENSG00000136982;ENSG00000136997;ENSG00000137309;ENSG00000137310;ENSG00000137713;ENSG00000137801;ENSG00000137804;ENSG00000137807;ENSG00000137812;ENSG00000137814;ENSG00000138092;ENSG00000138160;ENSG00000138162;ENSG00000138180;ENSG00000138182;ENSG00000138346;ENSG00000138376;ENSG00000138395;ENSG00000138594;ENSG00000138668;ENSG00000138685;ENSG00000138750;ENSG00000138778;ENSG00000139289;ENSG00000139496;ENSG00000139567;ENSG00000139618;ENSG00000139687;ENSG00000139734;ENSG00000140332;ENSG00000140416;ENSG00000140534;ENSG00000140945;ENSG00000141052;ENSG00000141367;ENSG00000141551;ENSG00000141552;ENSG00000141577;ENSG00000142453;ENSG00000142507;ENSG00000142731;ENSG00000142856;ENSG00000142945;ENSG00000143228;ENSG00000143248;ENSG00000143401;ENSG00000143476;ENSG00000143479;ENSG00000143799;ENSG00000143815;ENSG00000143924;ENSG00000143947;ENSG00000144554;ENSG00000144635;ENSG00000145386;ENSG00000145675;ENSG00000146263;ENSG00000146648;ENSG00000146670;ENSG00000146674;ENSG00000146834;ENSG00000146918;ENSG00000147400;ENSG00000147457;ENSG00000147536;ENSG00000147874;ENSG00000147883;ENSG00000148019;ENSG00000148229;ENSG00000148335;ENSG00000148737;ENSG00000148773;ENSG00000149136;ENSG00000149308;ENSG00000149503;ENSG00000149548;ENSG00000149554;ENSG00000149636;ENSG00000150093;ENSG00000150593;ENSG00000151503;ENSG00000151617;ENSG00000151725;ENSG00000152082;ENSG00000152240;ENSG00000152253;ENSG00000152661;ENSG00000153044;ENSG00000153107;ENSG00000153187;ENSG00000153201;ENSG00000153207;ENSG00000154229;ENSG00000154473;ENSG00000154582;ENSG00000154640;ENSG00000154734;ENSG00000154767;ENSG00000154839;ENSG00000154920;ENSG00000155561;ENSG00000156509;ENSG00000156802;ENSG00000156876;ENSG00000156970;ENSG00000157036;ENSG00000157456;ENSG00000157978;ENSG00000158402;ENSG00000158941;ENSG00000159055;ENSG00000159147;ENSG00000159259;ENSG00000160014;ENSG00000160117;ENSG00000160299;ENSG00000160469;ENSG00000160712;ENSG00000160813;ENSG00000160949;ENSG00000160957;ENSG00000161547;ENSG00000161692;ENSG00000161800;ENSG00000161888;ENSG00000162063;ENSG00000162521;ENSG00000162733;ENSG00000163002;ENSG00000163029;ENSG00000163132;ENSG00000163191;ENSG00000163535;ENSG00000163539;ENSG00000163781;ENSG00000163808;ENSG00000163918;ENSG00000163961;ENSG00000164045;ENSG00000164053;ENSG00000164056;ENSG00000164087;ENSG00000164104;ENSG00000164109;ENSG00000164120;ENSG00000164305;ENSG00000164327;ENSG00000164611;ENSG00000164815;ENSG00000164850;ENSG00000164885;ENSG00000164924;ENSG00000164934;ENSG00000164949;ENSG00000165280;ENSG00000165304;ENSG00000165480;ENSG00000165501;ENSG00000165819;ENSG00000165891;ENSG00000165916;ENSG00000166037;ENSG00000166451;ENSG00000166508;ENSG00000166797;ENSG00000166801;ENSG00000166803;ENSG00000166851;ENSG00000167088;ENSG00000167325;ENSG00000167513;ENSG00000167552;ENSG00000167553;ENSG00000167670;ENSG00000167900;ENSG00000168036;ENSG00000168078;ENSG00000168309;ENSG00000168393;ENSG00000168411;ENSG00000168476;ENSG00000168496;ENSG00000168802;ENSG00000169567;ENSG00000169679;ENSG00000169689;ENSG00000170027;ENSG00000170037;ENSG00000170142;ENSG00000170312;ENSG00000170315;ENSG00000170515;ENSG00000170962;ENSG00000171033;ENSG00000171132;ENSG00000171320;ENSG00000171793;ENSG00000171848;ENSG00000171862;ENSG00000172167;ENSG00000172201;ENSG00000172613;ENSG00000172638;ENSG00000172757;ENSG00000173207;ENSG00000173272;ENSG00000173473;ENSG00000173692;ENSG00000173846;ENSG00000173848;ENSG00000174371;ENSG00000174442;ENSG00000174799;ENSG00000174903;ENSG00000175054;ENSG00000175063;ENSG00000175166;ENSG00000175197;ENSG00000175216;ENSG00000175305;ENSG00000175334;ENSG00000175643;ENSG00000175792;ENSG00000176170;ENSG00000176208;ENSG00000176890;ENSG00000176907;ENSG00000176915;ENSG00000176974;ENSG00000177084;ENSG00000177302;ENSG00000177602;ENSG00000177889;ENSG00000178295;ENSG00000178999;ENSG00000179051;ENSG00000181163;ENSG00000181773;ENSG00000181938;ENSG00000182481;ENSG00000182504;ENSG00000182628;ENSG00000182944;ENSG00000183207;ENSG00000183763;ENSG00000183765;ENSG00000183814;ENSG00000183856;ENSG00000184205;ENSG00000184445;ENSG00000184661;ENSG00000184900;ENSG00000185532;ENSG00000185627;ENSG00000186185;ENSG00000186193;ENSG00000186298;ENSG00000186716;ENSG00000186871;ENSG00000187741;ENSG00000187790;ENSG00000188229;ENSG00000188985;ENSG00000189057;ENSG00000189159;ENSG00000196230;ENSG00000196419;ENSG00000196584;ENSG00000197102;ENSG00000197170;ENSG00000197299;ENSG00000197321;ENSG00000197561;ENSG00000197774;ENSG00000198056;ENSG00000198089;ENSG00000198176;ENSG00000198554;ENSG00000198585;ENSG00000198604;ENSG00000198707;ENSG00000198797;ENSG00000198830;ENSG00000198887;ENSG00000198900;ENSG00000198947;ENSG00000203760;ENSG00000204209;ENSG00000204217;ENSG00000204410;ENSG00000204569;ENSG00000204899;ENSG00000205250;ENSG00000205542;ENSG00000207870;ENSG00000213024;ENSG00000213347;ENSG00000213923;ENSG00000214367;ENSG00000221914;ENSG00000221983;ENSG00000228716;ENSG00000237649;ENSG00000239306;ENSG00000239672;ENSG00000245848;ENSG00000249115;ENSG00000253729;ENSG00000255346;ENSG00000256525;ENSG00000258947;ENSG00000272391;ENSG00000275835;ENSG00000276043;ENSG00000276365;ENSG00000276644;ENSG00000277791;ENSG00000278259,NOT_APPLICABLE,NOT_REGISTERED_AT_F1,QUALIFIED_WITH_DESIGN_LIMITATIONS,Transcriptomic association only; no phenotype inferred; related terms overlap; n=3/arm; donor and EV-preparation independence UNKNOWN,EXP001-C4
RSP_CTX001_M,CTX001,M,NEGATIVE,QUALIFIED,TRANSCRIPTOME,GSEA_PRERANK,GOBP_NEGATIVE_CHEMOTAXIS,-2.1246892928603094,0.0014967955680446632,GOBP_NEGATIVE_CHEMOTAXIS;GOBP_POSITIVE_REGULATION_OF_CHEMOTAXIS;GOBP_POSITIVE_REGULATION_OF_LOCOMOTION;GOBP_POSITIVE_REGULATION_OF_MACROPHAGE_CHEMOTAXIS;GOBP_REGULATION_OF_CHEMOTAXIS;GOBP_REGULATION_OF_GRANULOCYTE_CHEMOTAXIS;REACTOME_SEMA4D_INDUCED_CELL_MIGRATION_AND_GROWTH_CONE_COLLAPSE,M003;M012;M016;M025;M026;M034,ENSG00000001617;ENSG00000012171;ENSG00000020181;ENSG00000030582;ENSG00000034152;ENSG00000035664;ENSG00000048052;ENSG00000057593;ENSG00000065320;ENSG00000065534;ENSG00000069702;ENSG00000070193;ENSG00000073712;ENSG00000075223;ENSG00000077782;ENSG00000077942;ENSG00000078401;ENSG00000079691;ENSG00000087245;ENSG00000087589;ENSG00000089060;ENSG00000090339;ENSG00000092421;ENSG00000092841;ENSG00000100219;ENSG00000100292;ENSG00000100345;ENSG00000100600;ENSG00000100852;ENSG00000101335;ENSG00000102181;ENSG00000102678;ENSG00000103495;ENSG00000103811;ENSG00000103888;ENSG00000104067;ENSG00000105221;ENSG00000105429;ENSG00000105894;ENSG00000106211;ENSG00000106538;ENSG00000106799;ENSG00000107738;ENSG00000107796;ENSG00000108821;ENSG00000109458;ENSG00000109743;ENSG00000109756;ENSG00000110492;ENSG00000111859;ENSG00000112378;ENSG00000112562;ENSG00000112902;ENSG00000113140;ENSG00000113578;ENSG00000113721;ENSG00000114251;ENSG00000115232;ENSG00000115414;ENSG00000115461;ENSG00000116044;ENSG00000116584;ENSG00000117020;ENSG00000117525;ENSG00000118680;ENSG00000120129;ENSG00000120337;ENSG00000122691;ENSG00000125266;ENSG00000125378;ENSG00000126218;ENSG00000126561;ENSG00000126785;ENSG00000126934;ENSG00000130402;ENSG00000130827;ENSG00000131016;ENSG00000132694;ENSG00000133026;ENSG00000133789;ENSG00000133818;ENSG00000134318;ENSG00000135046;ENSG00000135124;ENSG00000135333;ENSG00000136235;ENSG00000137673;ENSG00000137801;ENSG00000138448;ENSG00000138623;ENSG00000138685;ENSG00000138772;ENSG00000140285;ENSG00000140443;ENSG00000140945;ENSG00000141736;ENSG00000142192;ENSG00000143878;ENSG00000144476;ENSG00000144711;ENSG00000145147;ENSG00000145431;ENSG00000145632;ENSG00000145675;ENSG00000146122;ENSG00000150594;ENSG00000153071;ENSG00000153993;ENSG00000154096;ENSG00000154188;ENSG00000154229;ENSG00000154734;ENSG00000155511;ENSG00000156026;ENSG00000157168;ENSG00000157368;ENSG00000157404;ENSG00000158828;ENSG00000160712;ENSG00000162733;ENSG00000164050;ENSG00000164850;ENSG00000166923;ENSG00000166949;ENSG00000168610;ENSG00000169071;ENSG00000169245;ENSG00000169855;ENSG00000170381;ENSG00000170962;ENSG00000171105;ENSG00000171791;ENSG00000172061;ENSG00000172156;ENSG00000172349;ENSG00000172403;ENSG00000173156;ENSG00000174804;ENSG00000177119;ENSG00000177469;ENSG00000177697;ENSG00000179820;ENSG00000182541;ENSG00000183087;ENSG00000183287;ENSG00000183779;ENSG00000184009;ENSG00000184304;ENSG00000184347;ENSG00000184349;ENSG00000184371;ENSG00000184481;ENSG00000185652;ENSG00000185950;ENSG00000187164;ENSG00000187764;ENSG00000189056;ENSG00000196914;ENSG00000196924;ENSG00000197122;ENSG00000197461;ENSG00000197561;ENSG00000197635;ENSG00000197879;ENSG00000197943;ENSG00000198121;ENSG00000204217;ENSG00000276365,NOT_APPLICABLE,NOT_REGISTERED_AT_F1,QUALIFIED_WITH_DESIGN_LIMITATIONS,Transcriptomic association only; no phenotype inferred; related terms overlap; n=3/arm; donor and EV-preparation independence UNKNOWN,EXP001-C4
RSP_CTX001_E,CTX001,E,NEGATIVE,QUALIFIED,TRANSCRIPTOME,GSEA_PRERANK,GOBP_COLLAGEN_FIBRIL_ORGANIZATION,-1.9948977960362837,0.014507403197971351,GOBP_COLLAGEN_FIBRIL_ORGANIZATION;GOBP_EXTRACELLULAR_MATRIX_ASSEMBLY;GOBP_REGULATION_OF_EXTRACELLULAR_MATRIX_ORGANIZATION;REACTOME_EXTRACELLULAR_MATRIX_ORGANIZATION;REACTOME_NON_INTEGRIN_MEMBRANE_ECM_INTERACTIONS,E004;E006;E012;E020;E022,ENSG00000011465;ENSG00000035862;ENSG00000049089;ENSG00000049540;ENSG00000054598;ENSG00000060718;ENSG00000067182;ENSG00000069702;ENSG00000072682;ENSG00000074527;ENSG00000077942;ENSG00000078098;ENSG00000081052;ENSG00000084636;ENSG00000087116;ENSG00000087245;ENSG00000087303;ENSG00000090006;ENSG00000090339;ENSG00000100234;ENSG00000100399;ENSG00000101400;ENSG00000102683;ENSG00000102760;ENSG00000102996;ENSG00000103056;ENSG00000105426;ENSG00000105855;ENSG00000106799;ENSG00000106819;ENSG00000107036;ENSG00000107796;ENSG00000107957;ENSG00000108821;ENSG00000111799;ENSG00000113083;ENSG00000113140;ENSG00000115232;ENSG00000115380;ENSG00000115414;ENSG00000116260;ENSG00000117385;ENSG00000117984;ENSG00000122176;ENSG00000122707;ENSG00000123096;ENSG00000123384;ENSG00000124145;ENSG00000125378;ENSG00000125965;ENSG00000127990;ENSG00000130309;ENSG00000130508;ENSG00000130635;ENSG00000134917;ENSG00000135424;ENSG00000135862;ENSG00000136378;ENSG00000137673;ENSG00000137801;ENSG00000137809;ENSG00000138061;ENSG00000138131;ENSG00000138448;ENSG00000138685;ENSG00000138738;ENSG00000138829;ENSG00000139174;ENSG00000139329;ENSG00000140092;ENSG00000141696;ENSG00000142798;ENSG00000143196;ENSG00000143387;ENSG00000149257;ENSG00000151914;ENSG00000154229;ENSG00000154734;ENSG00000154736;ENSG00000157766;ENSG00000159216;ENSG00000159251;ENSG00000162512;ENSG00000162733;ENSG00000162736;ENSG00000163017;ENSG00000163520;ENSG00000164692;ENSG00000166147;ENSG00000166482;ENSG00000166923;ENSG00000166949;ENSG00000168056;ENSG00000168477;ENSG00000168487;ENSG00000168542;ENSG00000168610;ENSG00000168646;ENSG00000168807;ENSG00000169604;ENSG00000170624;ENSG00000171812;ENSG00000172037;ENSG00000172638;ENSG00000173402;ENSG00000175899;ENSG00000177697;ENSG00000182197;ENSG00000184009;ENSG00000187955;ENSG00000188157;ENSG00000196569;ENSG00000197461;ENSG00000197496;ENSG00000197561;ENSG00000197614;ENSG00000197635;ENSG00000198756;ENSG00000204262;ENSG00000204291;ENSG00000213949;ENSG00000225614;ENSG00000276365,NOT_APPLICABLE,NOT_REGISTERED_AT_F1,QUALIFIED_WITH_DESIGN_LIMITATIONS,Transcriptomic association only; no phenotype inferred; related terms overlap; n=3/arm; donor and EV-preparation independence UNKNOWN,EXP001-C4
RSP_CTX001_A,CTX001,A,NEGATIVE,QUALIFIED,TRANSCRIPTOME,GSEA_PRERANK,GOBP_VASCULAR_ASSOCIATED_SMOOTH_MUSCLE_CELL_PROLIFERATION,-2.064832052159359,0.005238784488156322,GOBP_ENDOTHELIAL_CELL_APOPTOTIC_PROCESS;GOBP_NEGATIVE_REGULATION_OF_VASCULAR_ASSOCIATED_SMOOTH_MUSCLE_CELL_PROLIFERATION;GOBP_POSITIVE_REGULATION_OF_ENDOTHELIAL_CELL_APOPTOTIC_PROCESS;GOBP_VASCULAR_ASSOCIATED_SMOOTH_MUSCLE_CELL_PROLIFERATION,A008;A014;A017;A019,ENSG00000078401;ENSG00000087245;ENSG00000090339;ENSG00000100219;ENSG00000102678;ENSG00000102760;ENSG00000103222;ENSG00000112902;ENSG00000115232;ENSG00000115461;ENSG00000116044;ENSG00000116604;ENSG00000117525;ENSG00000118503;ENSG00000118689;ENSG00000124762;ENSG00000125378;ENSG00000130176;ENSG00000137801;ENSG00000138685;ENSG00000140416;ENSG00000141052;ENSG00000143248;ENSG00000150593;ENSG00000154188;ENSG00000154734;ENSG00000157978;ENSG00000162733;ENSG00000163558;ENSG00000164850;ENSG00000172638;ENSG00000173376;ENSG00000174807;ENSG00000175197;ENSG00000183087;ENSG00000185532;ENSG00000196139;ENSG00000204217,NOT_APPLICABLE,NOT_REGISTERED_AT_F1,QUALIFIED_WITH_DESIGN_LIMITATIONS,Transcriptomic association only; no phenotype inferred; related terms overlap; n=3/arm; donor and EV-preparation independence UNKNOWN; vascular/endothelial term family is not a direct angiogenesis assay,EXP001-C4
RSP_CTX001_I,CTX001,I,POSITIVE_DOMINANT_WITH_OPPOSING_COMPONENTS,QUALIFIED,TRANSCRIPTOME,GSEA_PRERANK,REACTOME_GENE_AND_PROTEIN_EXPRESSION_BY_JAK_STAT_SIGNALING_AFTER_INTERLEUKIN_12_STIMULATION,1.8497170903601692,0.0035943134762032075,GOBP_MYELOID_CELL_ACTIVATION_INVOLVED_IN_IMMUNE_RESPONSE;GOBP_POSITIVE_REGULATION_OF_MACROPHAGE_CHEMOTAXIS;GOBP_REGULATION_OF_LEUKOCYTE_DEGRANULATION;GOBP_SOMATIC_DIVERSIFICATION_OF_IMMUNE_RECEPTORS;GOBP_SOMATIC_DIVERSIFICATION_OF_IMMUNE_RECEPTORS_VIA_SOMATIC_MUTATION;REACTOME_GENE_AND_PROTEIN_EXPRESSION_BY_JAK_STAT_SIGNALING_AFTER_INTERLEUKIN_12_STIMULATION;REACTOME_INTERLEUKIN_12_SIGNALING,I006;I042;I047;I107;I125,ENSG00000012061;ENSG00000041880;ENSG00000051341;ENSG00000064932;ENSG00000070501;ENSG00000071564;ENSG00000072274;ENSG00000076242;ENSG00000076248;ENSG00000079385;ENSG00000095002;ENSG00000099810;ENSG00000100911;ENSG00000101017;ENSG00000101347;ENSG00000103241;ENSG00000104320;ENSG00000104998;ENSG00000105329;ENSG00000105486;ENSG00000106538;ENSG00000107371;ENSG00000109111;ENSG00000109685;ENSG00000110395;ENSG00000110492;ENSG00000112130;ENSG00000113368;ENSG00000115594;ENSG00000116062;ENSG00000116489;ENSG00000116670;ENSG00000120337;ENSG00000120438;ENSG00000122566;ENSG00000122678;ENSG00000123496;ENSG00000127507;ENSG00000128340;ENSG00000131876;ENSG00000132792;ENSG00000134443;ENSG00000137033;ENSG00000137801;ENSG00000138795;ENSG00000142168;ENSG00000144381;ENSG00000145041;ENSG00000147065;ENSG00000148834;ENSG00000152422;ENSG00000152457;ENSG00000152795;ENSG00000157212;ENSG00000157368;ENSG00000163961;ENSG00000164104;ENSG00000164251;ENSG00000168229;ENSG00000169813;ENSG00000171132;ENSG00000172757;ENSG00000174371;ENSG00000176208;ENSG00000179348;ENSG00000182718;ENSG00000186716;ENSG00000189171;ENSG00000189403;ENSG00000196083;ENSG00000196262;ENSG00000253729;ENSG00000271605,NOT_APPLICABLE,NOT_REGISTERED_AT_F1,QUALIFIED_WITH_DESIGN_LIMITATIONS,Transcriptomic association only; no phenotype inferred; related terms overlap; n=3/arm; donor and EV-preparation independence UNKNOWN,EXP001-C4
RSP_CTX002_P,CTX002,P,POSITIVE,QUALIFIED,TRANSCRIPTOME,GSEA_PRERANK,REACTOME_FBXL7_DOWN_REGULATES_AURKA_DURING_MITOTIC_ENTRY_AND_IN_EARLY_MITOSIS,1.9257618928580627,0.016904712921542022,GOBP_EPITHELIAL_CELL_PROLIFERATION;GOBP_MESENCHYMAL_CELL_PROLIFERATION;GOBP_POSITIVE_REGULATION_OF_MESENCHYMAL_CELL_PROLIFERATION;GOBP_REGULATION_OF_MESENCHYMAL_CELL_PROLIFERATION;REACTOME_FBXL7_DOWN_REGULATES_AURKA_DURING_MITOTIC_ENTRY_AND_IN_EARLY_MITOSIS,P022;P031;P081,ENSG00000001631;ENSG00000008018;ENSG00000017427;ENSG00000019549;ENSG00000029364;ENSG00000041357;ENSG00000055130;ENSG00000056972;ENSG00000057657;ENSG00000068885;ENSG00000070831;ENSG00000077463;ENSG00000078098;ENSG00000081189;ENSG00000086062;ENSG00000087586;ENSG00000090539;ENSG00000091831;ENSG00000099250;ENSG00000100219;ENSG00000100567;ENSG00000100625;ENSG00000100644;ENSG00000100902;ENSG00000104313;ENSG00000105971;ENSG00000105989;ENSG00000106991;ENSG00000107562;ENSG00000108344;ENSG00000108691;ENSG00000110092;ENSG00000111424;ENSG00000112715;ENSG00000113140;ENSG00000114315;ENSG00000115233;ENSG00000115415;ENSG00000115738;ENSG00000116132;ENSG00000116285;ENSG00000116455;ENSG00000117525;ENSG00000119138;ENSG00000121068;ENSG00000123358;ENSG00000124193;ENSG00000124782;ENSG00000124882;ENSG00000125266;ENSG00000125686;ENSG00000125845;ENSG00000126067;ENSG00000126778;ENSG00000128016;ENSG00000129084;ENSG00000130522;ENSG00000134363;ENSG00000134371;ENSG00000135862;ENSG00000135914;ENSG00000136244;ENSG00000136848;ENSG00000136997;ENSG00000136999;ENSG00000137573;ENSG00000137693;ENSG00000137801;ENSG00000138685;ENSG00000140285;ENSG00000141564;ENSG00000141753;ENSG00000142627;ENSG00000143507;ENSG00000143867;ENSG00000144802;ENSG00000144810;ENSG00000145423;ENSG00000147044;ENSG00000147862;ENSG00000150630;ENSG00000150991;ENSG00000151694;ENSG00000153071;ENSG00000153162;ENSG00000153989;ENSG00000155034;ENSG00000155760;ENSG00000156427;ENSG00000157404;ENSG00000161057;ENSG00000163513;ENSG00000163636;ENSG00000164022;ENSG00000164619;ENSG00000164920;ENSG00000165757;ENSG00000165916;ENSG00000166263;ENSG00000167034;ENSG00000168036;ENSG00000168610;ENSG00000168779;ENSG00000168874;ENSG00000170315;ENSG00000172216;ENSG00000172817;ENSG00000172889;ENSG00000173482;ENSG00000175166;ENSG00000177606;ENSG00000178301;ENSG00000179222;ENSG00000179348;ENSG00000183580;ENSG00000183943;ENSG00000184292;ENSG00000185551;ENSG00000185627;ENSG00000185950;ENSG00000196562;ENSG00000196937;ENSG00000197170;ENSG00000197461;ENSG00000198663;ENSG00000205213;ENSG00000213281;ENSG00000239672;ENSG00000249915;ENSG00000273993;ENSG00000275903;ENSG00000276043;ENSG00000281221;ENSG00000281877,CROSS_STUDY_AXIS_OUTCOME_STABLE_EV8_EXCLUDED,NOT_REGISTERED_AT_F1,QUALIFIED_WITH_DESIGN_LIMITATIONS,Transcriptomic association only; no phenotype inferred; related terms overlap; one documented recipient donor lot; EV-preparation independence UNKNOWN; EV_8 retained in primary,EXP002-C4
RSP_CTX002_M,CTX002,M,POSITIVE,QUALIFIED,TRANSCRIPTOME,GSEA_PRERANK,GOBP_POSITIVE_REGULATION_OF_CELL_MIGRATION_INVOLVED_IN_SPROUTING_ANGIOGENESIS,2.132786920385796,0.0036387030237909684,GOBP_CELL_MIGRATION_INVOLVED_IN_SPROUTING_ANGIOGENESIS;GOBP_ENDOTHELIAL_CELL_MIGRATION;GOBP_MONOCYTE_CHEMOTAXIS;GOBP_NEGATIVE_REGULATION_OF_CHEMOTAXIS;GOBP_NEGATIVE_REGULATION_OF_LEUKOCYTE_MIGRATION;GOBP_NEGATIVE_REGULATION_OF_MONONUCLEAR_CELL_MIGRATION;GOBP_POSITIVE_REGULATION_OF_BLOOD_VESSEL_ENDOTHELIAL_CELL_MIGRATION;GOBP_POSITIVE_REGULATION_OF_CELL_MIGRATION_INVOLVED_IN_SPROUTING_ANGIOGENESIS;GOBP_POSITIVE_REGULATION_OF_ENDOTHELIAL_CELL_MIGRATION;GOBP_POSITIVE_REGULATION_OF_LOCOMOTION;GOBP_REGULATION_OF_CELL_MIGRATION_INVOLVED_IN_SPROUTING_ANGIOGENESIS;GOBP_REGULATION_OF_MONOCYTE_CHEMOTAXIS,M002;M014;M017;M018;M023;M026,ENSG00000000938;ENSG00000017427;ENSG00000019549;ENSG00000034152;ENSG00000035664;ENSG00000044574;ENSG00000050820;ENSG00000070831;ENSG00000073756;ENSG00000075223;ENSG00000077942;ENSG00000078098;ENSG00000078401;ENSG00000084112;ENSG00000089159;ENSG00000090339;ENSG00000099250;ENSG00000099942;ENSG00000100219;ENSG00000100644;ENSG00000102359;ENSG00000103888;ENSG00000104067;ENSG00000104415;ENSG00000105137;ENSG00000106366;ENSG00000107562;ENSG00000108691;ENSG00000108821;ENSG00000109971;ENSG00000110031;ENSG00000112658;ENSG00000112715;ENSG00000113140;ENSG00000113916;ENSG00000115170;ENSG00000115415;ENSG00000115594;ENSG00000116044;ENSG00000116717;ENSG00000117525;ENSG00000119401;ENSG00000120129;ENSG00000123358;ENSG00000124782;ENSG00000125266;ENSG00000125845;ENSG00000125968;ENSG00000130402;ENSG00000130513;ENSG00000131375;ENSG00000132669;ENSG00000133121;ENSG00000133216;ENSG00000133789;ENSG00000133818;ENSG00000133961;ENSG00000134318;ENSG00000134954;ENSG00000136158;ENSG00000136244;ENSG00000136826;ENSG00000136848;ENSG00000136869;ENSG00000136999;ENSG00000137055;ENSG00000137801;ENSG00000138685;ENSG00000140285;ENSG00000142627;ENSG00000142871;ENSG00000143322;ENSG00000143878;ENSG00000144476;ENSG00000145431;ENSG00000145632;ENSG00000146122;ENSG00000146242;ENSG00000150594;ENSG00000151694;ENSG00000153071;ENSG00000153989;ENSG00000154096;ENSG00000155511;ENSG00000156427;ENSG00000157368;ENSG00000157404;ENSG00000159167;ENSG00000162493;ENSG00000162733;ENSG00000163430;ENSG00000163513;ENSG00000163874;ENSG00000164619;ENSG00000165757;ENSG00000166900;ENSG00000168610;ENSG00000168874;ENSG00000170962;ENSG00000172061;ENSG00000173482;ENSG00000174574;ENSG00000174600;ENSG00000174804;ENSG00000176170;ENSG00000177606;ENSG00000179218;ENSG00000179348;ENSG00000179776;ENSG00000180357;ENSG00000180921;ENSG00000183287;ENSG00000185950;ENSG00000240583;ENSG00000276886;ENSG00000277571;ENSG00000282046;ENSG00000288335;ENSG00000291237,CROSS_STUDY_AXIS_OUTCOME_STABLE_EV8_EXCLUDED,NOT_REGISTERED_AT_F1,QUALIFIED_WITH_DESIGN_LIMITATIONS,Transcriptomic association only; no phenotype inferred; related terms overlap; one documented recipient donor lot; EV-preparation independence UNKNOWN; EV_8 retained in primary,EXP002-C4
RSP_CTX002_E,CTX002,E,NO_QUALIFIED_COMPONENT,OBSERVED_NULL,TRANSCRIPTOME,GSEA_PRERANK,,,,,,,CROSS_STUDY_AXIS_OUTCOME_STABLE_EV8_EXCLUDED,NOT_REGISTERED_AT_F1,OBSERVED_NULL_WITH_ADEQUATE_COVERAGE,Transcriptomic association only; no phenotype inferred; related terms overlap; one documented recipient donor lot; EV-preparation independence UNKNOWN; EV_8 retained in primary; observed null despite common eligible terms,EXP002-C4
RSP_CTX002_A,CTX002,A,POSITIVE,QUALIFIED,TRANSCRIPTOME,GSEA_PRERANK,GOBP_PLACENTA_BLOOD_VESSEL_DEVELOPMENT,2.141401785811477,0.0035509612487492,GOBP_CELL_MIGRATION_INVOLVED_IN_SPROUTING_ANGIOGENESIS;GOBP_ENDOTHELIAL_CELL_MIGRATION;GOBP_PLACENTA_BLOOD_VESSEL_DEVELOPMENT;GOBP_POSITIVE_REGULATION_OF_BLOOD_VESSEL_ENDOTHELIAL_CELL_MIGRATION;GOBP_POSITIVE_REGULATION_OF_CELL_MIGRATION_INVOLVED_IN_SPROUTING_ANGIOGENESIS;GOBP_POSITIVE_REGULATION_OF_ENDOTHELIAL_CELL_MIGRATION;GOBP_POSITIVE_REGULATION_OF_VASCULAR_ENDOTHELIAL_GROWTH_FACTOR_PRODUCTION;GOBP_REGULATION_OF_CELL_MIGRATION_INVOLVED_IN_SPROUTING_ANGIOGENESIS;GOBP_REGULATION_OF_SPROUTING_ANGIOGENESIS;GOBP_SPROUTING_ANGIOGENESIS;GOBP_VASCULAR_ENDOTHELIAL_GROWTH_FACTOR_PRODUCTION,A002;A015;A016;A020;A022;A025;A031,ENSG00000008710;ENSG00000034152;ENSG00000050820;ENSG00000069667;ENSG00000070495;ENSG00000073756;ENSG00000078098;ENSG00000078401;ENSG00000086598;ENSG00000089159;ENSG00000099250;ENSG00000100644;ENSG00000102359;ENSG00000104067;ENSG00000106991;ENSG00000110031;ENSG00000112658;ENSG00000112715;ENSG00000113140;ENSG00000114315;ENSG00000115415;ENSG00000116044;ENSG00000116717;ENSG00000122707;ENSG00000123358;ENSG00000125266;ENSG00000125968;ENSG00000127528;ENSG00000128272;ENSG00000132669;ENSG00000133121;ENSG00000134954;ENSG00000135048;ENSG00000136244;ENSG00000136826;ENSG00000136848;ENSG00000136999;ENSG00000137573;ENSG00000137801;ENSG00000138685;ENSG00000142627;ENSG00000142871;ENSG00000143878;ENSG00000145632;ENSG00000146374;ENSG00000151694;ENSG00000153989;ENSG00000156427;ENSG00000159167;ENSG00000160712;ENSG00000162775;ENSG00000163430;ENSG00000163874;ENSG00000164283;ENSG00000164619;ENSG00000165757;ENSG00000168214;ENSG00000168610;ENSG00000168874;ENSG00000171223;ENSG00000172071;ENSG00000173482;ENSG00000174989;ENSG00000175592;ENSG00000179218;ENSG00000179348;ENSG00000179776;ENSG00000183287;ENSG00000184557;ENSG00000185551;ENSG00000196562;ENSG00000198959;ENSG00000275555;ENSG00000276886;ENSG00000282046,CROSS_STUDY_AXIS_OUTCOME_STABLE_EV8_EXCLUDED,NOT_REGISTERED_AT_F1,QUALIFIED_WITH_DESIGN_LIMITATIONS,Transcriptomic association only; no phenotype inferred; related terms overlap; one documented recipient donor lot; EV-preparation independence UNKNOWN; EV_8 retained in primary; vascular/endothelial term family is not a direct angiogenesis assay,EXP002-C4
RSP_CTX002_I,CTX002,I,POSITIVE_DOMINANT_WITH_OPPOSING_COMPONENTS,QUALIFIED,TRANSCRIPTOME,GSEA_PRERANK,HALLMARK_TNFA_SIGNALING_VIA_NFKB,2.9067877803281443,0.0,GOBP_CYTOKINE_PRODUCTION_INVOLVED_IN_INFLAMMATORY_RESPONSE;GOBP_MACROPHAGE_DIFFERENTIATION;GOBP_NEGATIVE_REGULATION_OF_LEUKOCYTE_MIGRATION;GOBP_NEGATIVE_REGULATION_OF_MYELOID_LEUKOCYTE_DIFFERENTIATION;GOBP_POSITIVE_REGULATION_OF_CYTOKINE_PRODUCTION_INVOLVED_IN_INFLAMMATORY_RESPONSE;GOBP_PRODUCTION_OF_MOLECULAR_MEDIATOR_INVOLVED_IN_INFLAMMATORY_RESPONSE;GOBP_REGULATION_OF_MACROPHAGE_DIFFERENTIATION;GOBP_REGULATION_OF_MYELOID_LEUKOCYTE_DIFFERENTIATION;GOBP_RESPONSE_TO_INTERFERON_ALPHA;GOBP_RESPONSE_TO_INTERLEUKIN_17;GOBP_RESPONSE_TO_INTERLEUKIN_6;GOBP_RESPONSE_TO_TYPE_I_INTERFERON;GOBP_T_CELL_DIFFERENTIATION_INVOLVED_IN_IMMUNE_RESPONSE;GOBP_T_HELPER_17_TYPE_IMMUNE_RESPONSE;HALLMARK_ALLOGRAFT_REJECTION;HALLMARK_IL6_JAK_STAT3_SIGNALING;HALLMARK_INFLAMMATORY_RESPONSE;HALLMARK_INTERFERON_ALPHA_RESPONSE;HALLMARK_INTERFERON_GAMMA_RESPONSE;HALLMARK_TNFA_SIGNALING_VIA_NFKB;REACTOME_INFLAMMASOMES;REACTOME_INTERFERON_ALPHA_BETA_SIGNALING;REACTOME_INTERLEUKIN_10_SIGNALING;REACTOME_INTERLEUKIN_4_AND_INTERLEUKIN_13_SIGNALING;REACTOME_INTERLEUKIN_6_FAMILY_SIGNALING;REACTOME_SIGNALING_BY_INTERLEUKINS,I010;I013;I026;I035;I049;I065;I067;I079;I096;I097;I103;I104;I110;I111;I114;I115;I116;I117;I118;I127;I128;I131;I136;I137;I144,ENSG00000000938;ENSG00000000971;ENSG00000003989;ENSG00000006327;ENSG00000006451;ENSG00000007171;ENSG00000008018;ENSG00000008517;ENSG00000011422;ENSG00000025800;ENSG00000026103;ENSG00000030110;ENSG00000034152;ENSG00000041357;ENSG00000041982;ENSG00000055130;ENSG00000055332;ENSG00000056586;ENSG00000056972;ENSG00000057019;ENSG00000059378;ENSG00000059804;ENSG00000064225;ENSG00000064666;ENSG00000064932;ENSG00000065911;ENSG00000067057;ENSG00000067082;ENSG00000068079;ENSG00000069399;ENSG00000069667;ENSG00000070831;ENSG00000071242;ENSG00000072803;ENSG00000073756;ENSG00000075151;ENSG00000075426;ENSG00000078140;ENSG00000078401;ENSG00000081041;ENSG00000081189;ENSG00000084652;ENSG00000086062;ENSG00000087074;ENSG00000089041;ENSG00000090339;ENSG00000090432;ENSG00000091592;ENSG00000092098;ENSG00000095585;ENSG00000096384;ENSG00000099860;ENSG00000099942;ENSG00000100219;ENSG00000100567;ENSG00000100644;ENSG00000100902;ENSG00000100906;ENSG00000101347;ENSG00000101665;ENSG00000102034;ENSG00000102265;ENSG00000102804;ENSG00000102921;ENSG00000103490;ENSG00000103569;ENSG00000103653;ENSG00000104131;ENSG00000104432;ENSG00000104856;ENSG00000105639;ENSG00000106366;ENSG00000106546;ENSG00000107562;ENSG00000107581;ENSG00000107643;ENSG00000107968;ENSG00000108344;ENSG00000108691;ENSG00000108932;ENSG00000109320;ENSG00000109971;ENSG00000110395;ENSG00000110436;ENSG00000110876;ENSG00000111331;ENSG00000111912;ENSG00000112531;ENSG00000112715;ENSG00000112773;ENSG00000113575;ENSG00000113580;ENSG00000113643;ENSG00000113916;ENSG00000114030;ENSG00000114315;ENSG00000115145;ENSG00000115233;ENSG00000115267;ENSG00000115415;ENSG00000115594;ENSG00000115602;ENSG00000115604;ENSG00000115738;ENSG00000116044;ENSG00000116717;ENSG00000117525;ENSG00000118515;ENSG00000119138;ENSG00000119401;ENSG00000119714;ENSG00000119917;ENSG00000120129;ENSG00000120217;ENSG00000120690;ENSG00000120875;ENSG00000121060;ENSG00000121281;ENSG00000122691;ENSG00000122877;ENSG00000123268;ENSG00000123358;ENSG00000123700;ENSG00000124151;ENSG00000124201;ENSG00000124212;ENSG00000124225;ENSG00000124882;ENSG00000125148;ENSG00000125347;ENSG00000125845;ENSG00000126067;ENSG00000126709;ENSG00000126759;ENSG00000127528;ENSG00000127666;ENSG00000127743;ENSG00000127951;ENSG00000128016;ENSG00000128342;ENSG00000129084;ENSG00000130303;ENSG00000130513;ENSG00000130584;ENSG00000131323;ENSG00000131759;ENSG00000131876;ENSG00000131979;ENSG00000132256;ENSG00000132510;ENSG00000133048;ENSG00000133216;ENSG00000134107;ENSG00000134321;ENSG00000134326;ENSG00000134470;ENSG00000134539;ENSG00000134954;ENSG00000135870;ENSG00000136048;ENSG00000136244;ENSG00000136560;ENSG00000136810;ENSG00000136826;ENSG00000136867;ENSG00000136868;ENSG00000136869;ENSG00000136997;ENSG00000136999;ENSG00000137070;ENSG00000137193;ENSG00000137313;ENSG00000137331;ENSG00000137393;ENSG00000137496;ENSG00000137628;ENSG00000137693;ENSG00000137752;ENSG00000137959;ENSG00000138135;ENSG00000138496;ENSG00000138600;ENSG00000138642;ENSG00000138685;ENSG00000138942;ENSG00000139318;ENSG00000139514;ENSG00000140105;ENSG00000140464;ENSG00000140853;ENSG00000141510;ENSG00000141574;ENSG00000141646;ENSG00000141867;ENSG00000142089;ENSG00000142178;ENSG00000142192;ENSG00000142871;ENSG00000143384;ENSG00000143479;ENSG00000143507;ENSG00000143753;ENSG00000143878;ENSG00000144476;ENSG00000144802;ENSG00000145431;ENSG00000145623;ENSG00000145632;ENSG00000145779;ENSG00000146242;ENSG00000148926;ENSG00000150457;ENSG00000150907;ENSG00000150991;ENSG00000152778;ENSG00000154096;ENSG00000154451;ENSG00000155090;ENSG00000156587;ENSG00000157368;ENSG00000157601;ENSG00000158321;ENSG00000158470;ENSG00000159110;ENSG00000159216;ENSG00000160710;ENSG00000160712;ENSG00000160888;ENSG00000161057;ENSG00000162493;ENSG00000162772;ENSG00000162783;ENSG00000163083;ENSG00000163131;ENSG00000163636;ENSG00000163659;ENSG00000163660;ENSG00000163701;ENSG00000163739;ENSG00000163874;ENSG00000163930;ENSG00000164086;ENSG00000164163;ENSG00000164305;ENSG00000164342;ENSG00000164509;ENSG00000164761;ENSG00000164949;ENSG00000165916;ENSG00000166278;ENSG00000166401;ENSG00000166598;ENSG00000166900;ENSG00000167193;ENSG00000168610;ENSG00000168899;ENSG00000169047;ENSG00000170315;ENSG00000170458;ENSG00000170581;ENSG00000171150;ENSG00000171223;ENSG00000172175;ENSG00000172216;ENSG00000172243;ENSG00000172458;ENSG00000172840;ENSG00000172936;ENSG00000173039;ENSG00000173193;ENSG00000173334;ENSG00000173762;ENSG00000173786;ENSG00000174130;ENSG00000174437;ENSG00000174600;ENSG00000174840;ENSG00000175040;ENSG00000175166;ENSG00000175505;ENSG00000175592;ENSG00000176170;ENSG00000177189;ENSG00000177272;ENSG00000177606;ENSG00000177889;ENSG00000179094;ENSG00000179348;ENSG00000180694;ENSG00000181163;ENSG00000181555;ENSG00000182199;ENSG00000182326;ENSG00000183486;ENSG00000183696;ENSG00000184216;ENSG00000184371;ENSG00000184557;ENSG00000185201;ENSG00000185245;ENSG00000185338;ENSG00000185627;ENSG00000185745;ENSG00000185885;ENSG00000185950;ENSG00000187098;ENSG00000187608;ENSG00000188313;ENSG00000196083;ENSG00000196396;ENSG00000196449;ENSG00000197170;ENSG00000197632;ENSG00000197885;ENSG00000198018;ENSG00000198492;ENSG00000198730;ENSG00000198791;ENSG00000204103;ENSG00000204120;ENSG00000204256;ENSG00000204364;ENSG00000204525;ENSG00000205413;ENSG00000206450;ENSG00000213341;ENSG00000213654;ENSG00000213928;ENSG00000215077;ENSG00000223532;ENSG00000224608;ENSG00000226060;ENSG00000230678;ENSG00000232126;ENSG00000232326;ENSG00000234704;ENSG00000235657;ENSG00000239672;ENSG00000239836;ENSG00000240065;ENSG00000242689;ENSG00000257103;ENSG00000262795;ENSG00000265972;ENSG00000273686;ENSG00000274750;ENSG00000275214;ENSG00000275903;ENSG00000276701;ENSG00000276886;ENSG00000277571;ENSG00000281166;ENSG00000281221;ENSG00000281877;ENSG00000282046;ENSG00000283085;ENSG00000283777;ENSG00000284889;ENSG00000285048;ENSG00000285152;ENSG00000288512;ENSG00000288516;ENSG00000291237,CROSS_STUDY_AXIS_OUTCOME_STABLE_EV8_EXCLUDED,NOT_REGISTERED_AT_F1,QUALIFIED_WITH_DESIGN_LIMITATIONS,Transcriptomic association only; no phenotype inferred; related terms overlap; one documented recipient donor lot; EV-preparation independence UNKNOWN; EV_8 retained in primary,EXP002-C4
RSP_CTX003_P,CTX003,P,NO_QUALIFIED_COMPONENT,OBSERVED_NULL,TRANSCRIPTOME,GSEA_PRERANK,,,,,,,NOT_APPLICABLE,FUNCTIONAL_ASSAY_24H_DIFFERENT_TIME,OBSERVED_NULL_WITH_ADEQUATE_COVERAGE,Transcriptomic association only; n=3/arm; donor and EV-preparation independence UNKNOWN; batch/pairing/control medium UNKNOWN; unexplained PC1 structure; phenotype anchors are different-time or different-model evidence; secondary ORA cannot override null primary GSEA,EXP003-C4
RSP_CTX003_M,CTX003,M,POSITIVE,QUALIFIED,TRANSCRIPTOME,GSEA_PRERANK,GOBP_GRANULOCYTE_CHEMOTAXIS,2.5633263905064863,0.0,GOBP_CELL_CHEMOTAXIS;GOBP_GRANULOCYTE_CHEMOTAXIS;GOBP_GRANULOCYTE_MIGRATION;GOBP_LEUKOCYTE_CHEMOTAXIS;GOBP_LEUKOCYTE_MIGRATION;GOBP_LYMPHOCYTE_CHEMOTAXIS;GOBP_LYMPHOCYTE_MIGRATION;GOBP_MONONUCLEAR_CELL_MIGRATION;GOBP_MYELOID_LEUKOCYTE_MIGRATION;GOBP_NEUTROPHIL_CHEMOTAXIS;GOBP_NEUTROPHIL_MIGRATION;GOBP_POSITIVE_REGULATION_OF_LEUKOCYTE_MIGRATION;GOBP_REGULATION_OF_GRANULOCYTE_CHEMOTAXIS,M003;M010;M011;M025,ENSG00000035664;ENSG00000071127;ENSG00000090339;ENSG00000100739;ENSG00000104998;ENSG00000106366;ENSG00000108688;ENSG00000108691;ENSG00000109458;ENSG00000110880;ENSG00000111913;ENSG00000114251;ENSG00000120129;ENSG00000122592;ENSG00000124875;ENSG00000125730;ENSG00000127507;ENSG00000127955;ENSG00000129048;ENSG00000129465;ENSG00000133789;ENSG00000134215;ENSG00000135124;ENSG00000136141;ENSG00000136999;ENSG00000138135;ENSG00000138685;ENSG00000142627;ENSG00000143322;ENSG00000143398;ENSG00000145147;ENSG00000145824;ENSG00000149177;ENSG00000150630;ENSG00000151651;ENSG00000151694;ENSG00000151882;ENSG00000156026;ENSG00000156049;ENSG00000157368;ENSG00000162692;ENSG00000163735;ENSG00000163739;ENSG00000164171;ENSG00000166923;ENSG00000169429;ENSG00000171135;ENSG00000171522;ENSG00000171608;ENSG00000172156;ENSG00000172215;ENSG00000172817;ENSG00000172939;ENSG00000173432;ENSG00000174059;ENSG00000174574;ENSG00000182197;ENSG00000182621;ENSG00000184371;ENSG00000184588;ENSG00000186891;ENSG00000187210;ENSG00000196776;ENSG00000197635;ENSG00000205542;ENSG00000213853;ENSG00000213949,NOT_APPLICABLE,FUNCTIONAL_ASSAY_24H_DIFFERENT_TIME;IN_VIVO_DIFFERENT_MODEL,QUALIFIED_WITH_DESIGN_LIMITATIONS,Transcriptomic association only; n=3/arm; donor and EV-preparation independence UNKNOWN; batch/pairing/control medium UNKNOWN; unexplained PC1 structure; phenotype anchors are different-time or different-model evidence,EXP003-C4
RSP_CTX003_E,CTX003,E,NO_QUALIFIED_COMPONENT,OBSERVED_NULL,TRANSCRIPTOME,GSEA_PRERANK,,,,,,,NOT_APPLICABLE,IN_VIVO_DIFFERENT_MODEL_ONLY,OBSERVED_NULL_WITH_ADEQUATE_COVERAGE,Transcriptomic association only; n=3/arm; donor and EV-preparation independence UNKNOWN; batch/pairing/control medium UNKNOWN; unexplained PC1 structure; phenotype anchors are different-time or different-model evidence,EXP003-C4
RSP_CTX003_A,CTX003,A,POSITIVE,QUALIFIED,TRANSCRIPTOME,GSEA_PRERANK,GOBP_ENDOTHELIAL_CELL_APOPTOTIC_PROCESS,2.3221797914747464,0.0023715854763146,GOBP_ENDOTHELIAL_CELL_APOPTOTIC_PROCESS,A008,ENSG00000090339;ENSG00000101017;ENSG00000102760;ENSG00000106366;ENSG00000108691;ENSG00000118503;ENSG00000154188,NOT_APPLICABLE,NONE_REGISTERED,QUALIFIED_WITH_DESIGN_LIMITATIONS,Transcriptomic association only; n=3/arm; donor and EV-preparation independence UNKNOWN; batch/pairing/control medium UNKNOWN; unexplained PC1 structure; phenotype anchors are different-time or different-model evidence; vascular/endothelial evidence is not direct angiogenesis,EXP003-C4
RSP_CTX003_I,CTX003,I,POSITIVE,QUALIFIED,TRANSCRIPTOME,GSEA_PRERANK,HALLMARK_TNFA_SIGNALING_VIA_NFKB,2.866364711749885,0.0,GOBP_ANTIMICROBIAL_HUMORAL_IMMUNE_RESPONSE_MEDIATED_BY_ANTIMICROBIAL_PEPTIDE;GOBP_CELLULAR_RESPONSE_TO_INTERLEUKIN_1;GOBP_CYTOKINE_MEDIATED_SIGNALING_PATHWAY;GOBP_HUMORAL_IMMUNE_RESPONSE;GOBP_LEUKOCYTE_CHEMOTAXIS;GOBP_LEUKOCYTE_HOMEOSTASIS;GOBP_LEUKOCYTE_MEDIATED_CYTOTOXICITY;GOBP_LEUKOCYTE_MIGRATION;GOBP_MYELOID_LEUKOCYTE_MIGRATION;GOBP_NEUTROPHIL_CHEMOTAXIS;GOBP_NEUTROPHIL_MIGRATION;GOBP_POSITIVE_REGULATION_OF_INFLAMMATORY_RESPONSE;GOBP_POSITIVE_REGULATION_OF_LEUKOCYTE_MIGRATION;GOBP_POSITIVE_REGULATION_OF_TYPE_I_INTERFERON_PRODUCTION;GOBP_REGULATION_OF_INFLAMMATORY_RESPONSE;GOBP_RESPONSE_TO_INTERLEUKIN_1;GOBP_RESPONSE_TO_TYPE_II_INTERFERON;GOBP_TOLL_LIKE_RECEPTOR_SIGNALING_PATHWAY;GOBP_T_HELPER_1_TYPE_IMMUNE_RESPONSE;HALLMARK_ALLOGRAFT_REJECTION;HALLMARK_COMPLEMENT;HALLMARK_IL6_JAK_STAT3_SIGNALING;HALLMARK_INFLAMMATORY_RESPONSE;HALLMARK_INTERFERON_ALPHA_RESPONSE;HALLMARK_INTERFERON_GAMMA_RESPONSE;HALLMARK_TNFA_SIGNALING_VIA_NFKB;REACTOME_DISEASES_OF_IMMUNE_SYSTEM;REACTOME_INTERLEUKIN_10_SIGNALING;REACTOME_INTERLEUKIN_4_AND_INTERLEUKIN_13_SIGNALING;REACTOME_SARS_COV_1_ACTIVATES_MODULATES_INNATE_IMMUNE_RESPONSES;REACTOME_SIGNALING_BY_INTERLEUKINS;REACTOME_TNFR1_INDUCED_NF_KAPPA_B_SIGNALING_PATHWAY;REACTOME_TNF_SIGNALING,I004;I008;I009;I012;I015;I025;I041;I043;I044;I076;I080;I093;I102;I108;I111;I112;I114;I115;I116;I117;I118;I123;I131;I136;I142;I144;I145,ENSG00000001084;ENSG00000002549;ENSG00000003400;ENSG00000003402;ENSG00000004139;ENSG00000005100;ENSG00000005249;ENSG00000006327;ENSG00000008517;ENSG00000010278;ENSG00000012048;ENSG00000013374;ENSG00000013503;ENSG00000023445;ENSG00000026103;ENSG00000027697;ENSG00000028116;ENSG00000028137;ENSG00000028277;ENSG00000035664;ENSG00000035681;ENSG00000041982;ENSG00000054598;ENSG00000055208;ENSG00000057019;ENSG00000059378;ENSG00000068796;ENSG00000069399;ENSG00000070808;ENSG00000071127;ENSG00000077150;ENSG00000077238;ENSG00000082512;ENSG00000082701;ENSG00000083799;ENSG00000085117;ENSG00000085377;ENSG00000089127;ENSG00000090339;ENSG00000090376;ENSG00000092010;ENSG00000092820;ENSG00000096968;ENSG00000099810;ENSG00000100031;ENSG00000100263;ENSG00000100697;ENSG00000100739;ENSG00000100906;ENSG00000100911;ENSG00000101000;ENSG00000101017;ENSG00000101782;ENSG00000102524;ENSG00000102575;ENSG00000103241;ENSG00000103423;ENSG00000104312;ENSG00000104432;ENSG00000104695;ENSG00000104856;ENSG00000104998;ENSG00000105053;ENSG00000105246;ENSG00000105397;ENSG00000105639;ENSG00000105825;ENSG00000105835;ENSG00000106366;ENSG00000106785;ENSG00000108671;ENSG00000108688;ENSG00000108691;ENSG00000109320;ENSG00000110047;ENSG00000110218;ENSG00000110429;ENSG00000110786;ENSG00000110880;ENSG00000110911;ENSG00000111252;ENSG00000111331;ENSG00000111913;ENSG00000113356;ENSG00000113494;ENSG00000113594;ENSG00000114251;ENSG00000115091;ENSG00000115159;ENSG00000115267;ENSG00000115415;ENSG00000115604;ENSG00000115919;ENSG00000116266;ENSG00000116711;ENSG00000116717;ENSG00000116815;ENSG00000116833;ENSG00000117143;ENSG00000117226;ENSG00000117228;ENSG00000117525;ENSG00000117602;ENSG00000118503;ENSG00000118515;ENSG00000119917;ENSG00000119922;ENSG00000120129;ENSG00000120690;ENSG00000121060;ENSG00000121858;ENSG00000122592;ENSG00000122641;ENSG00000122644;ENSG00000122861;ENSG00000123240;ENSG00000123689;ENSG00000123700;ENSG00000124145;ENSG00000124201;ENSG00000124635;ENSG00000124875;ENSG00000124882;ENSG00000125148;ENSG00000125347;ENSG00000125730;ENSG00000125863;ENSG00000127241;ENSG00000127334;ENSG00000127507;ENSG00000127528;ENSG00000127666;ENSG00000127955;ENSG00000128342;ENSG00000128512;ENSG00000129048;ENSG00000129084;ENSG00000129465;ENSG00000129472;ENSG00000129667;ENSG00000130038;ENSG00000130164;ENSG00000130303;ENSG00000130813;ENSG00000131323;ENSG00000131459;ENSG00000131876;ENSG00000132109;ENSG00000133789;ENSG00000134070;ENSG00000134215;ENSG00000134352;ENSG00000134470;ENSG00000134954;ENSG00000135124;ENSG00000135218;ENSG00000135587;ENSG00000135905;ENSG00000136048;ENSG00000136141;ENSG00000136167;ENSG00000136514;ENSG00000136560;ENSG00000136630;ENSG00000136999;ENSG00000137193;ENSG00000137267;ENSG00000137331;ENSG00000137393;ENSG00000137462;ENSG00000137628;ENSG00000137693;ENSG00000137714;ENSG00000137752;ENSG00000137959;ENSG00000138135;ENSG00000138166;ENSG00000138642;ENSG00000138685;ENSG00000138821;ENSG00000139289;ENSG00000139514;ENSG00000140853;ENSG00000141510;ENSG00000141569;ENSG00000142166;ENSG00000142224;ENSG00000142867;ENSG00000142871;ENSG00000143067;ENSG00000143322;ENSG00000144802;ENSG00000145147;ENSG00000145623;ENSG00000145779;ENSG00000145824;ENSG00000145901;ENSG00000145907;ENSG00000146072;ENSG00000146232;ENSG00000146648;ENSG00000148154;ENSG00000148344;ENSG00000148926;ENSG00000149177;ENSG00000149600;ENSG00000149968;ENSG00000150457;ENSG00000150630;ENSG00000151651;ENSG00000151694;ENSG00000151882;ENSG00000152104;ENSG00000153208;ENSG00000154188;ENSG00000155287;ENSG00000155363;ENSG00000156026;ENSG00000156049;ENSG00000157368;ENSG00000157601;ENSG00000157625;ENSG00000158470;ENSG00000158480;ENSG00000159110;ENSG00000159176;ENSG00000159216;ENSG00000159403;ENSG00000159840;ENSG00000160326;ENSG00000161011;ENSG00000162493;ENSG00000162645;ENSG00000162692;ENSG00000162772;ENSG00000163131;ENSG00000163568;ENSG00000163661;ENSG00000163735;ENSG00000163739;ENSG00000163874;ENSG00000164136;ENSG00000164164;ENSG00000164171;ENSG00000164305;ENSG00000164308;ENSG00000164430;ENSG00000164509;ENSG00000164535;ENSG00000164733;ENSG00000164761;ENSG00000164951;ENSG00000165806;ENSG00000166401;ENSG00000166900;ENSG00000166923;ENSG00000166949;ENSG00000167995;ENSG00000168394;ENSG00000168610;ENSG00000168685;ENSG00000169410;ENSG00000169429;ENSG00000169855;ENSG00000169871;ENSG00000170425;ENSG00000171135;ENSG00000171522;ENSG00000171608;ENSG00000172156;ENSG00000172215;ENSG00000172216;ENSG00000172331;ENSG00000172575;ENSG00000172817;ENSG00000172939;ENSG00000173193;ENSG00000173432;ENSG00000173821;ENSG00000174059;ENSG00000174371;ENSG00000174574;ENSG00000174840;ENSG00000174842;ENSG00000175104;ENSG00000175354;ENSG00000175592;ENSG00000177409;ENSG00000178860;ENSG00000179630;ENSG00000181555;ENSG00000181722;ENSG00000181751;ENSG00000182179;ENSG00000182197;ENSG00000182326;ENSG00000182481;ENSG00000182621;ENSG00000183671;ENSG00000183735;ENSG00000184009;ENSG00000184371;ENSG00000184588;ENSG00000184678;ENSG00000185022;ENSG00000185215;ENSG00000185338;ENSG00000186472;ENSG00000186891;ENSG00000187210;ENSG00000187764;ENSG00000189171;ENSG00000189221;ENSG00000196449;ENSG00000196611;ENSG00000196776;ENSG00000197045;ENSG00000197375;ENSG00000197635;ENSG00000198053;ENSG00000198805;ENSG00000204264;ENSG00000204267;ENSG00000204435;ENSG00000205189;ENSG00000205220;ENSG00000205413;ENSG00000205542;ENSG00000213853;ENSG00000213928;ENSG00000213949;ENSG00000215788;ENSG00000221869;ENSG00000221963;ENSG00000231925;ENSG00000234745;ENSG00000239713;ENSG00000240065;ENSG00000256043;ENSG00000273820;ENSG00000277791,NOT_APPLICABLE,NONE_REGISTERED,QUALIFIED_WITH_DESIGN_LIMITATIONS,Transcriptomic association only; n=3/arm; donor and EV-preparation independence UNKNOWN; batch/pairing/control medium UNKNOWN; unexplained PC1 structure; phenotype anchors are different-time or different-model evidence,EXP003-C4
