comparison_id,context_a,context_b,axis,prior_c4_status,framework_state,shared_component,same_direction,sensitivity_stable,phenotype_support,limitations,source_checkpoint
CMP_CTX001_CTX002_P,CTX001,CTX002,P,PARTIALLY_CONCORDANT,CONSERVED_COMPONENT,P081,YES_COMPONENT,YES_AXIS_OUTCOME,NOT_ASSESSED_AT_F1,Candidate shared positive component P081 across two contexts; different qualified terms within component; opposing component evidence; entire axis not universally conserved; distinct EV sources and times; one EXP002 recipient donor lot; EV-preparation independence UNKNOWN,EXP002-C4
CMP_CTX001_CTX002_M,CTX001,CTX002,M,DISCORDANT,DISCORDANT,M026_OPPOSITE_DIRECTION,NO,YES_AXIS_OUTCOME,NOT_ASSESSED_AT_F1,Opposite dominant directions; shared M026 is directly opposite; transcriptomic signal is not a fibroblast migration assay; one EXP002 recipient donor lot; EV-preparation independence UNKNOWN,EXP002-C4
CMP_CTX001_CTX002_E,CTX001,CTX002,E,NOT_TESTABLE,NULL_NOT_TESTABLE,NONE,NOT_TESTABLE,YES_AXIS_OUTCOME,NOT_ASSESSED_AT_F1,Common eligible terms; EXP002 observed null with no qualified component; one EXP002 recipient donor lot; EV-preparation independence UNKNOWN,EXP002-C4
CMP_CTX001_CTX002_A,CTX001,CTX002,A,DISCORDANT,DISCORDANT,NONE,NO,YES_AXIS_OUTCOME,NOT_ASSESSED_AT_F1,Opposite dominant vascular/endothelial components; no shared active component; no direct angiogenesis phenotype; one EXP002 recipient donor lot; EV-preparation independence UNKNOWN,EXP002-C4
CMP_CTX001_CTX002_I,CTX001,CTX002,I,PARTIALLY_CONCORDANT,CONSERVED_AXIS,NONE,YES_AXIS_ONLY,YES_AXIS_OUTCOME,NOT_ASSESSED_AT_F1,Positive dominant directions arise from different active components; zero shared active components; thematic axis overlap only; one EXP002 recipient donor lot; EV-preparation independence UNKNOWN,EXP002-C4
CMP_CTX001_CTX003_P,CTX001,CTX003,P,NOT_TESTABLE,NULL_NOT_TESTABLE,NONE,NOT_TESTABLE,NOT_ASSESSED_CTX003,FUNCTIONAL_ASSAY_24H_DIFFERENT_TIME,"Component-aware transcriptomic comparison only; CTX001 and CTX003 differ in EV source; CTX003 n=3/arm, donor/EV-preparation independence UNKNOWN, unexplained PC1 structure; phenotype anchors remain separate evidence",EXP003-C4
CMP_CTX001_CTX003_M,CTX001,CTX003,M,DISCORDANT,DISCORDANT,M003_OPPOSITE_DIRECTION;M025_OPPOSITE_DIRECTION,NO,NOT_ASSESSED_CTX003,FUNCTIONAL_ASSAY_24H_DIFFERENT_TIME;IN_VIVO_DIFFERENT_MODEL,"Component-aware transcriptomic comparison only; CTX001 and CTX003 differ in EV source; CTX003 n=3/arm, donor/EV-preparation independence UNKNOWN, unexplained PC1 structure; phenotype anchors remain separate evidence",EXP003-C4
CMP_CTX001_CTX003_E,CTX001,CTX003,E,NOT_TESTABLE,NULL_NOT_TESTABLE,NONE,NOT_TESTABLE,NOT_ASSESSED_CTX003,IN_VIVO_DIFFERENT_MODEL_ONLY,"Component-aware transcriptomic comparison only; CTX001 and CTX003 differ in EV source; CTX003 n=3/arm, donor/EV-preparation independence UNKNOWN, unexplained PC1 structure; phenotype anchors remain separate evidence",EXP003-C4
CMP_CTX001_CTX003_A,CTX001,CTX003,A,DISCORDANT,DISCORDANT,A008_OPPOSITE_DIRECTION,NO,NOT_ASSESSED_CTX003,NONE_REGISTERED,"Component-aware transcriptomic comparison only; CTX001 and CTX003 differ in EV source; CTX003 n=3/arm, donor/EV-preparation independence UNKNOWN, unexplained PC1 structure; phenotype anchors remain separate evidence",EXP003-C4
CMP_CTX001_CTX003_I,CTX001,CTX003,I,PARTIALLY_CONCORDANT,CONSERVED_AXIS,NONE,YES_AXIS_ONLY,NOT_ASSESSED_CTX003,NONE_REGISTERED,"Component-aware transcriptomic comparison only; CTX001 and CTX003 differ in EV source; CTX003 n=3/arm, donor/EV-preparation independence UNKNOWN, unexplained PC1 structure; phenotype anchors remain separate evidence",EXP003-C4
CMP_CTX002_CTX003_P,CTX002,CTX003,P,NOT_TESTABLE,NULL_NOT_TESTABLE,NONE,NOT_TESTABLE,NOT_ASSESSED_CTX003,FUNCTIONAL_ASSAY_24H_DIFFERENT_TIME,"Component-aware transcriptomic comparison only; CTX002 and CTX003 differ in EV source and exposure time; CTX003 n=3/arm, donor/EV-preparation independence UNKNOWN, unexplained PC1 structure; phenotype anchors remain separate evidence",EXP003-C4
CMP_CTX002_CTX003_M,CTX002,CTX003,M,PARTIALLY_CONCORDANT,CONSERVED_AXIS,NONE,YES_AXIS_ONLY,NOT_ASSESSED_CTX003,FUNCTIONAL_ASSAY_24H_DIFFERENT_TIME;IN_VIVO_DIFFERENT_MODEL,"Component-aware transcriptomic comparison only; CTX002 and CTX003 differ in EV source and exposure time; CTX003 n=3/arm, donor/EV-preparation independence UNKNOWN, unexplained PC1 structure; phenotype anchors remain separate evidence",EXP003-C4
CMP_CTX002_CTX003_E,CTX002,CTX003,E,NOT_TESTABLE,NULL_NOT_TESTABLE,NONE,NOT_TESTABLE,NOT_ASSESSED_CTX003,IN_VIVO_DIFFERENT_MODEL_ONLY,"Component-aware transcriptomic comparison only; CTX002 and CTX003 differ in EV source and exposure time; CTX003 n=3/arm, donor/EV-preparation independence UNKNOWN, unexplained PC1 structure; phenotype anchors remain separate evidence",EXP003-C4
CMP_CTX002_CTX003_A,CTX002,CTX003,A,PARTIALLY_CONCORDANT,CONSERVED_AXIS,NONE,YES_AXIS_ONLY,NOT_ASSESSED_CTX003,NONE_REGISTERED,"Component-aware transcriptomic comparison only; CTX002 and CTX003 differ in EV source and exposure time; CTX003 n=3/arm, donor/EV-preparation independence UNKNOWN, unexplained PC1 structure; phenotype anchors remain separate evidence",EXP003-C4
CMP_CTX002_CTX003_I,CTX002,CTX003,I,PARTIALLY_CONCORDANT,CONSERVED_COMPONENT,I111;I114;I115;I116;I117;I118;I131;I136;I144,YES_COMPONENT,NOT_ASSESSED_CTX003,NONE_REGISTERED,"Component-aware transcriptomic comparison only; CTX002 and CTX003 differ in EV source and exposure time; CTX003 n=3/arm, donor/EV-preparation independence UNKNOWN, unexplained PC1 structure; phenotype anchors remain separate evidence",EXP003-C4
