context_id,axis,axis_status,active_component_count,positive_component_count,negative_component_count,strongest_positive_component,strongest_negative_component,phenotype_anchor_count,reliability_notes,source_checkpoint
CTX001,P,POSITIVE_DOMINANT_WITH_OPPOSING_COMPONENTS,65,63,2,P076,P043,0,Three samples per arm; recipient-donor and EV-preparation independence UNKNOWN; transcriptomic pathway associations are not phenotypes,EXP001-C4
CTX001,M,NEGATIVE,6,0,6,NONE,M016,0,Three samples per arm; recipient-donor and EV-preparation independence UNKNOWN; transcriptomic pathway associations are not phenotypes,EXP001-C4
CTX001,E,NEGATIVE,5,0,5,NONE,E004,0,Three samples per arm; recipient-donor and EV-preparation independence UNKNOWN; transcriptomic pathway associations are not phenotypes,EXP001-C4
CTX001,A,NEGATIVE,4,0,4,NONE,A019,0,Three samples per arm; recipient-donor and EV-preparation independence UNKNOWN; transcriptomic pathway associations are not phenotypes,EXP001-C4
CTX001,I,POSITIVE_DOMINANT_WITH_OPPOSING_COMPONENTS,5,4,1,I125,I047,0,Three samples per arm; recipient-donor and EV-preparation independence UNKNOWN; transcriptomic pathway associations are not phenotypes,EXP001-C4
CTX002,P,POSITIVE,3,3,0,P081,NONE,0,"One documented recipient donor lot; EV-preparation independence UNKNOWN; batch-specific transcript universes; EV_8 sensitivity warning; independent-study same-cell-type comparison, not independent-donor validation",EXP002-C4
CTX002,M,POSITIVE,6,6,0,M023,NONE,0,"One documented recipient donor lot; EV-preparation independence UNKNOWN; batch-specific transcript universes; EV_8 sensitivity warning; independent-study same-cell-type comparison, not independent-donor validation",EXP002-C4
CTX002,E,NO_QUALIFIED_COMPONENT,0,0,0,NONE,NONE,0,"One documented recipient donor lot; EV-preparation independence UNKNOWN; batch-specific transcript universes; EV_8 sensitivity warning; independent-study same-cell-type comparison, not independent-donor validation",EXP002-C4
CTX002,A,POSITIVE,7,7,0,A015,NONE,0,"One documented recipient donor lot; EV-preparation independence UNKNOWN; batch-specific transcript universes; EV_8 sensitivity warning; independent-study same-cell-type comparison, not independent-donor validation",EXP002-C4
CTX002,I,POSITIVE_DOMINANT_WITH_OPPOSING_COMPONENTS,25,24,1,I118,I127,0,"One documented recipient donor lot; EV-preparation independence UNKNOWN; batch-specific transcript universes; EV_8 sensitivity warning; independent-study same-cell-type comparison, not independent-donor validation",EXP002-C4
CTX003,P,NO_QUALIFIED_COMPONENT,0,0,0,NONE,NONE,1,"n=3/arm; RNA-seq control medium/vehicle UNKNOWN; recipient donor and EV-preparation independence UNKNOWN; batch and pairing UNKNOWN; unexplained replicate-label-associated PC1 structure; transcriptomic pathways do not establish phenotype; 103/13,874 tested IDs lack GENCODE v44 display symbols",EXP003-C4
CTX003,M,POSITIVE,4,4,0,M003,NONE,2,"n=3/arm; RNA-seq control medium/vehicle UNKNOWN; recipient donor and EV-preparation independence UNKNOWN; batch and pairing UNKNOWN; unexplained replicate-label-associated PC1 structure; transcriptomic pathways do not establish phenotype; 103/13,874 tested IDs lack GENCODE v44 display symbols",EXP003-C4
CTX003,E,NO_QUALIFIED_COMPONENT,0,0,0,NONE,NONE,2,"n=3/arm; RNA-seq control medium/vehicle UNKNOWN; recipient donor and EV-preparation independence UNKNOWN; batch and pairing UNKNOWN; unexplained replicate-label-associated PC1 structure; transcriptomic pathways do not establish phenotype; 103/13,874 tested IDs lack GENCODE v44 display symbols",EXP003-C4
CTX003,A,POSITIVE,1,1,0,A008,NONE,0,"n=3/arm; RNA-seq control medium/vehicle UNKNOWN; recipient donor and EV-preparation independence UNKNOWN; batch and pairing UNKNOWN; unexplained replicate-label-associated PC1 structure; transcriptomic pathways do not establish phenotype; 103/13,874 tested IDs lack GENCODE v44 display symbols",EXP003-C4
CTX003,I,POSITIVE,27,27,0,I118,NONE,0,"n=3/arm; RNA-seq control medium/vehicle UNKNOWN; recipient donor and EV-preparation independence UNKNOWN; batch and pairing UNKNOWN; unexplained replicate-label-associated PC1 structure; transcriptomic pathways do not establish phenotype; 103/13,874 tested IDs lack GENCODE v44 display symbols",EXP003-C4
