reliability_id,context_id,dimension,status,detail,source_provenance
REL_CTX001_STUDY_INDEPENDENCE,CTX001,study_independence,VERIFIED,Independent Yuan study versus CTX002,reports/EXP001_C1_dataset_integrity.md;reports/EXP001_C4_pathway_analysis.md;reports/EXP002_C4_cross_study_pathway_validation.md
REL_CTX002_STUDY_INDEPENDENCE,CTX002,study_independence,VERIFIED,Independent Lei study versus CTX001,reports/EXP002_C1R_design_quantification_resolution.md;reports/EXP002_C3_differential_expression.md;reports/EXP002_C4_cross_study_pathway_validation.md
REL_CTX001_RECIPIENT_DONOR_INDEPENDENCE,CTX001,recipient_donor_independence,UNKNOWN,Recipient donor count and independence unknown,reports/EXP001_C1_dataset_integrity.md;reports/EXP001_C4_pathway_analysis.md;reports/EXP002_C4_cross_study_pathway_validation.md
REL_CTX002_RECIPIENT_DONOR_INDEPENDENCE,CTX002,recipient_donor_independence,LIMITED,One documented recipient donor lot,reports/EXP002_C1R_design_quantification_resolution.md;reports/EXP002_C3_differential_expression.md;reports/EXP002_C4_cross_study_pathway_validation.md
REL_CTX001_EV_PREPARATION_INDEPENDENCE,CTX001,ev_preparation_independence,UNKNOWN,Independent EV preparation count unknown,reports/EXP001_C1_dataset_integrity.md;reports/EXP001_C4_pathway_analysis.md;reports/EXP002_C4_cross_study_pathway_validation.md
REL_CTX002_EV_PREPARATION_INDEPENDENCE,CTX002,ev_preparation_independence,UNKNOWN,Independent EV preparation count and assignment unknown,reports/EXP002_C1R_design_quantification_resolution.md;reports/EXP002_C3_differential_expression.md;reports/EXP002_C4_cross_study_pathway_validation.md
REL_CTX001_BATCH_ADJUSTMENT,CTX001,batch_adjustment,UNKNOWN,C3 design ~ condition; batch metadata unknown,reports/EXP001_C1_dataset_integrity.md;reports/EXP001_C4_pathway_analysis.md;reports/EXP002_C4_cross_study_pathway_validation.md
REL_CTX002_BATCH_ADJUSTMENT,CTX002,batch_adjustment,VERIFIED,Two balanced batches adjusted in primary ~ batch + condition model,reports/EXP002_C1R_design_quantification_resolution.md;reports/EXP002_C3_differential_expression.md;reports/EXP002_C4_cross_study_pathway_validation.md
REL_CTX001_SAMPLE_QC,CTX001,sample_qc,VERIFIED,C1/C2 passed; three treatment and three control samples,reports/EXP001_C1_dataset_integrity.md;reports/EXP001_C4_pathway_analysis.md;reports/EXP002_C4_cross_study_pathway_validation.md
REL_CTX002_SAMPLE_QC,CTX002,sample_qc,LIMITED,C1R/C2R completed; EV_8 retained after review,reports/EXP002_C1R_design_quantification_resolution.md;reports/EXP002_C3_differential_expression.md;reports/EXP002_C4_cross_study_pathway_validation.md
REL_CTX001_SENSITIVITY_STABILITY,CTX001,sensitivity_stability,NOT_APPLICABLE,No EXP001 sensitivity fit in F1 comparison,reports/EXP001_C1_dataset_integrity.md;reports/EXP001_C4_pathway_analysis.md;reports/EXP002_C4_cross_study_pathway_validation.md
REL_CTX002_SENSITIVITY_STABILITY,CTX002,sensitivity_stability,LIMITED,All five C4 axis outcomes stable with EV_8 exclusion; C3 effect-tail sensitivity warning remains,reports/EXP002_C1R_design_quantification_resolution.md;reports/EXP002_C3_differential_expression.md;reports/EXP002_C4_cross_study_pathway_validation.md
REL_CTX001_ANNOTATION_CERTAINTY,CTX001,annotation_certainty,VERIFIED,Frozen MSigDB 2026.1.Hs and predefined C4 term map,reports/EXP001_C1_dataset_integrity.md;reports/EXP001_C4_pathway_analysis.md;reports/EXP002_C4_cross_study_pathway_validation.md
REL_CTX002_ANNOTATION_CERTAINTY,CTX002,annotation_certainty,LIMITED,Same frozen term map; batch-specific transcript reference harmonization limitations,reports/EXP002_C1R_design_quantification_resolution.md;reports/EXP002_C3_differential_expression.md;reports/EXP002_C4_cross_study_pathway_validation.md
REL_CTX001_PHENOTYPE_SUPPORT,CTX001,phenotype_support,LIMITED,Primary study assays reported; no F1 anchor registered,reports/EXP001_C1_dataset_integrity.md;reports/EXP001_C4_pathway_analysis.md;reports/EXP002_C4_cross_study_pathway_validation.md
REL_CTX002_PHENOTYPE_SUPPORT,CTX002,phenotype_support,UNKNOWN,No F1 phenotype anchor registered,reports/EXP002_C1R_design_quantification_resolution.md;reports/EXP002_C3_differential_expression.md;reports/EXP002_C4_cross_study_pathway_validation.md
REL_CTX001_CROSS_CONTEXT_REPLICATION,CTX001,cross_context_replication,LIMITED,P candidate shared component; I axis-only overlap; M/A discordant; E null,reports/EXP001_C1_dataset_integrity.md;reports/EXP001_C4_pathway_analysis.md;reports/EXP002_C4_cross_study_pathway_validation.md
REL_CTX002_CROSS_CONTEXT_REPLICATION,CTX002,cross_context_replication,LIMITED,Same two-context comparison; recipient donor and EV preparation limits,reports/EXP002_C1R_design_quantification_resolution.md;reports/EXP002_C3_differential_expression.md;reports/EXP002_C4_cross_study_pathway_validation.md
REL_CTX001_PAIRING_CERTAINTY,CTX001,pairing_certainty,UNKNOWN,Pairing not documented in frozen EXP001 design,reports/EXP001_C3_differential_expression.md;reports/EXP001_C4_pathway_analysis.md
REL_CTX001_CONTROL_CERTAINTY,CTX001,control_certainty,VERIFIED,Control was exosome-depleted medium,reports/EXP001_C3_differential_expression.md;reports/EXP001_C4_pathway_analysis.md
REL_CTX001_MODEL_DIAGNOSTICS,CTX001,model_diagnostics,LIMITED,DESeq2 C3 passed; n=3/arm remains limiting,reports/EXP001_C3_differential_expression.md;reports/EXP001_C4_pathway_analysis.md
REL_CTX001_PATHWAY_EVIDENCE,CTX001,pathway_evidence,VERIFIED,EXP001-C4 completed with frozen MSigDB release and term map,reports/EXP001_C3_differential_expression.md;reports/EXP001_C4_pathway_analysis.md
REL_CTX002_PAIRING_CERTAINTY,CTX002,pairing_certainty,UNKNOWN,No pairing term in frozen design,reports/EXP002_C3_differential_expression.md;reports/EXP002_C4_cross_study_pathway_validation.md
REL_CTX002_CONTROL_CERTAINTY,CTX002,control_certainty,VERIFIED,DMEM 1% Pen/Strep control documented,reports/EXP002_C3_differential_expression.md;reports/EXP002_C4_cross_study_pathway_validation.md
REL_CTX002_MODEL_DIAGNOSTICS,CTX002,model_diagnostics,LIMITED,Primary model adjusted batch; EV_8 retained with sensitivity analysis,reports/EXP002_C3_differential_expression.md;reports/EXP002_C4_cross_study_pathway_validation.md
REL_CTX002_PATHWAY_EVIDENCE,CTX002,pathway_evidence,LIMITED,EXP002-C4 completed; one donor lot and transcript harmonization limits,reports/EXP002_C3_differential_expression.md;reports/EXP002_C4_cross_study_pathway_validation.md
REL_CTX003_STUDY_INDEPENDENCE,CTX003,study_independence,VERIFIED,Independent Liu study relative to CTX001 and CTX002; no sample reuse identified at D0,reports/EXP003_C1_dataset_integrity.md;reports/EXP003_C2_sample_qc_analysis_plan.md;reports/EXP003_C3_differential_expression.md;reports/EXP003_C4_third_context_pathway_test.md
REL_CTX003_RECIPIENT_DONOR_INDEPENDENCE,CTX003,recipient_donor_independence,UNKNOWN,"Recipient donor count, pooling, and donor-to-library mapping unknown",reports/EXP003_C1_dataset_integrity.md;reports/EXP003_C2_sample_qc_analysis_plan.md;reports/EXP003_C3_differential_expression.md;reports/EXP003_C4_third_context_pathway_test.md
REL_CTX003_EV_PREPARATION_INDEPENDENCE,CTX003,ev_preparation_independence,UNKNOWN,Independent EV preparation count and preparation-to-library mapping unknown,reports/EXP003_C1_dataset_integrity.md;reports/EXP003_C2_sample_qc_analysis_plan.md;reports/EXP003_C3_differential_expression.md;reports/EXP003_C4_third_context_pathway_test.md
REL_CTX003_BATCH_ADJUSTMENT,CTX003,batch_adjustment,LIMITED,No authoritative batch variable; primary model ~ condition; unexplained replicate-label-associated PC1 structure,reports/EXP003_C1_dataset_integrity.md;reports/EXP003_C2_sample_qc_analysis_plan.md;reports/EXP003_C3_differential_expression.md;reports/EXP003_C4_third_context_pathway_test.md
REL_CTX003_SAMPLE_QC,CTX003,sample_qc,LIMITED,C1 passed and all six samples retained; C2 passed with unexplained dominant PC1 structure,reports/EXP003_C1_dataset_integrity.md;reports/EXP003_C2_sample_qc_analysis_plan.md;reports/EXP003_C3_differential_expression.md;reports/EXP003_C4_third_context_pathway_test.md
REL_CTX003_SENSITIVITY_STABILITY,CTX003,sensitivity_stability,NOT_APPLICABLE,No preregistered CTX003 sensitivity fit; no sample excluded,reports/EXP003_C1_dataset_integrity.md;reports/EXP003_C2_sample_qc_analysis_plan.md;reports/EXP003_C3_differential_expression.md;reports/EXP003_C4_third_context_pathway_test.md
REL_CTX003_ANNOTATION_CERTAINTY,CTX003,annotation_certainty,LIMITED,"MSigDB 2026.1.Hs hashes verified; GENCODE v44 symbols for 13,771/13,874 tested IDs; original count annotation release unknown",reports/EXP003_C1_dataset_integrity.md;reports/EXP003_C2_sample_qc_analysis_plan.md;reports/EXP003_C3_differential_expression.md;reports/EXP003_C4_third_context_pathway_test.md
REL_CTX003_PHENOTYPE_SUPPORT,CTX003,phenotype_support,LIMITED,24 h hDF CCK-8/scratch anchors differ from 72 h RNA-seq; mouse outcomes are different-model IN_VIVO evidence,reports/EXP003_C1_dataset_integrity.md;reports/EXP003_C2_sample_qc_analysis_plan.md;reports/EXP003_C3_differential_expression.md;reports/EXP003_C4_third_context_pathway_test.md
REL_CTX003_CROSS_CONTEXT_REPLICATION,CTX003,cross_context_replication,LIMITED,I axis conserved with context-varying components; M/A discordant; P/E null for CTX003 primary GSEA,reports/EXP003_C1_dataset_integrity.md;reports/EXP003_C2_sample_qc_analysis_plan.md;reports/EXP003_C3_differential_expression.md;reports/EXP003_C4_third_context_pathway_test.md
REL_CTX003_PAIRING_CERTAINTY,CTX003,pairing_certainty,UNKNOWN,No authoritative pairing; suffixes were not modeled as pairs,reports/EXP003_C1_dataset_integrity.md;reports/EXP003_C2_sample_qc_analysis_plan.md;reports/EXP003_C3_differential_expression.md;reports/EXP003_C4_third_context_pathway_test.md
REL_CTX003_CONTROL_CERTAINTY,CTX003,control_certainty,UNKNOWN,Control-labeled hDF without recorded EV; exact medium and vehicle unknown,reports/EXP003_C1_dataset_integrity.md;reports/EXP003_C2_sample_qc_analysis_plan.md;reports/EXP003_C3_differential_expression.md;reports/EXP003_C4_third_context_pathway_test.md
REL_CTX003_MODEL_DIAGNOSTICS,CTX003,model_diagnostics,LIMITED,DESeq2 converged with no Cook cutoff exceedance or NA p-values; unexplained PC1 remains,reports/EXP003_C1_dataset_integrity.md;reports/EXP003_C2_sample_qc_analysis_plan.md;reports/EXP003_C3_differential_expression.md;reports/EXP003_C4_third_context_pathway_test.md
REL_CTX003_PATHWAY_EVIDENCE,CTX003,pathway_evidence,LIMITED,"4,433 sets tested; frozen component map applied; P/E observed null, M/A/I qualified with contextual limits",reports/EXP003_C1_dataset_integrity.md;reports/EXP003_C2_sample_qc_analysis_plan.md;reports/EXP003_C3_differential_expression.md;reports/EXP003_C4_third_context_pathway_test.md
