paper_id,title,authors,year,journal,doi,pmid,pmcid,article_type,verification_status,correction_note,open_access,primary_research,review,evidence_source_type,evidence_class,species,model_type,EV_source,EV_type,EV_cargo,recipient_cell,omics_type,regenerative_evidence,fibrotic_evidence,regenerative_actual_evidence,fibrotic_actual_evidence,dataset_available,dataset_repository,dataset_accession,dataset_data_type,dataset_sample_count,raw_available,processed_available,role_in_skinexo,candidate_EXP,notes,verification_url,P_proliferation,M_migration,E_ecm,A_angiogenesis,I_inflammation,fibroblast,keratinocyte,endothelial,macrophage,other_cell,bulk_rna_seq,scrna_seq,spatial_transcriptomics,mirna_seq,proteomics,metabolomics,imaging,in_vitro,ex_vivo,in_vivo,skin_on_chip,3d_skin_model,EXP001,EXP002,EXP003,EXP004,EXP005,EXP006
L01,"Extracellular vesicles in wound healing and scar formation: molecular regulation of macrophages, fibroblasts, and their crosstalk.",Liu T; Liu Y; Liu Y; Wen D; Sun J; Zhang Y; Gao Y; Zheng D,2026,Frontiers in Cell and Developmental Biology,10.3389/fcell.2026.1917543,42798851,PMC13613145,Narrative review,VERIFIED,NA,OPEN_ACCESS,False,True,REVIEW_SYNTHESIS,REVIEW_SYNTHESIS,NA,NA,NA,NA,NA,NA,NA,NOT_ASSESSED,NOT_ASSESSED,NA,NA,NA,NA,NA,NA,NA,NA,NA,EV wound-repair synthesis,EXP004;EXP006,NA,https://pubmed.ncbi.nlm.nih.gov/42798851/,NOT_ASSESSED,NOT_ASSESSED,NOT_ASSESSED,NOT_ASSESSED,NOT_ASSESSED,False,False,False,False,NA,False,False,False,False,False,False,False,False,False,False,False,False,False,False,False,True,False,True
L02,"Application of stem cell-derived exosomes in skin wound healing: mechanisms, prospects, and challenges.",Li Y; Zheng F; Bai Y; Yu Y; Zhang R; Feng Q; Yu Y; Zhu L; Wang D; Liu H,2026,Frontiers in Immunology,10.3389/fimmu.2026.1846916,42713281,PMC13551746,Narrative review,VERIFIED,NA,OPEN_ACCESS,False,True,REVIEW_SYNTHESIS,REVIEW_SYNTHESIS,NA,NA,NA,NA,NA,NA,NA,NOT_ASSESSED,NOT_ASSESSED,NA,NA,NA,NA,NA,NA,NA,NA,NA,EV wound-repair synthesis,EXP004;EXP006,NA,https://pubmed.ncbi.nlm.nih.gov/42713281/,NOT_ASSESSED,NOT_ASSESSED,NOT_ASSESSED,NOT_ASSESSED,NOT_ASSESSED,False,False,False,False,NA,False,False,False,False,False,False,False,False,False,False,False,False,False,False,False,True,False,True
L03,Extracellular Vesicles in Skin: Biological Function and Therapeutic Potential.,Yuan S; Jin M; Zhang Y; Zhang M; Yuan M; Ding X; Wang J,2025,International Journal of Nanomedicine,10.2147/IJN.S548986,40969665,PMC12442902,Narrative review,VERIFIED,NA,OPEN_ACCESS,False,True,REVIEW_SYNTHESIS,REVIEW_SYNTHESIS,NA,NA,NA,NA,NA,NA,NA,NOT_ASSESSED,NOT_ASSESSED,NA,NA,NA,NA,NA,NA,NA,NA,NA,Skin EV overview,EXP004;EXP006,NA,https://pubmed.ncbi.nlm.nih.gov/40969665/,NOT_ASSESSED,NOT_ASSESSED,NOT_ASSESSED,NOT_ASSESSED,NOT_ASSESSED,False,False,False,False,NA,False,False,False,False,False,False,False,False,False,False,False,False,False,False,False,True,False,True
L04,Role of Extracellular Vesicles in Skin Barrier Repair: Applications in Atopic Dermatitis and Chronic Wounds.,Khoo L; Chin YZ; Law JX,2026,International Journal of Nanomedicine,10.2147/IJN.S598256,42137193,PMC13168907,Narrative review,CORRECTED,Supplied year 2025; journal record is 2026.,OPEN_ACCESS,False,True,REVIEW_SYNTHESIS,REVIEW_SYNTHESIS,NA,NA,NA,NA,NA,NA,NA,NOT_ASSESSED,NOT_ASSESSED,NA,NA,NA,NA,NA,NA,NA,NA,NA,Barrier/immune synthesis,EXP004;EXP006,NA,https://pubmed.ncbi.nlm.nih.gov/42137193/,NOT_ASSESSED,NOT_ASSESSED,NOT_ASSESSED,NOT_ASSESSED,NOT_ASSESSED,False,False,False,False,NA,False,False,False,False,False,False,False,False,False,False,False,False,False,False,False,True,False,True
L05,Mesenchymal stem cell-derived small extracellular vesicles-loaded GelMA microspheres enhance diabetic wound healing by promoting M2 macrophage polarization through p38 MAPK inhibition.,Li W; Chen J; Yu L; Ding L; Zhang X; Yan L; Shi M,2025,Materials Today Bio,10.1016/j.mtbio.2025.102423,41209696,PMC12590144,Primary research,CORRECTED,Supplied title omitted the M2 macrophage/p38 MAPK clause.,OPEN_ACCESS,True,False,PRIMARY_EXPERIMENT,INDEPENDENT_EXTERNAL_EVIDENCE,Rat,Rat bone-marrow-derived macrophages; diabetic rat wound,Rat bone-marrow mesenchymal stem cells,Small EV,NA,Macrophage,bulk RNA-seq,INDIRECT,NOT_ASSESSED,Improved diabetic wound closure in rats; scarless repair not measured,NA,YES,Mendeley Data,10.17632/gm29wd7b94.1,RNA-seq,9,NA,NA,External EV macrophage/immune mechanism,EXP002;EXP004;EXP006,n=3/group in deposited rat BMDM RNA-seq; LPS and EV-LPS design differs from EXP001. GelMA co-intervention in vivo.,https://pubmed.ncbi.nlm.nih.gov/41209696/,NOT_ASSESSED,NOT_ASSESSED,NOT_ASSESSED,NOT_ASSESSED,DIRECT,False,False,False,True,NA,True,False,False,False,False,False,False,True,False,True,False,False,False,True,False,True,False,True
L06,Extracellular vesicles modulate skin aging biomarkers in a 3D reconstructed full-thickness skin model.,Teng Y; Bou Samra E; Girardeau-Hubert S; Betts RJ; Juchaux F; Marat X; Fallou B; Zhong L; De Vecchi R; Huang N; Zheng Q; Gao Y; Roy DC; Wang P,2026,Frontiers in Cell and Developmental Biology,10.3389/fcell.2026.1784998,41869020,PMC13003219,Primary research,VERIFIED,NA,OPEN_ACCESS,True,False,PRIMARY_EXPERIMENT,INDEPENDENT_EXTERNAL_EVIDENCE,Human,Primary skin cells and 3D reconstructed full-thickness skin,Adipose-derived stem cells; umbilical-cord mesenchymal stem cells,EV,"miRNA and protein cargo profiled; candidate mediators, not proven causal",Fibroblast; keratinocyte,bulk RNA-seq; miRNA-seq; proteomics; imaging,INDIRECT,NOT_ASSESSED,"Proliferation, epidermal thickness, collagen IV and fibrillin-1 measured; scarless regeneration not tested",NA,SUPPLEMENT_ONLY,Article supplementary material,NA,bulk RNA-seq; miRNA-seq; proteomics,NA,NA,PARTIAL,External EV skin model and cargo response,EXP002;EXP003;EXP004;EXP006,No public omics repository accession in data availability statement; source/model differ from EXP001.,https://pubmed.ncbi.nlm.nih.gov/41869020/,DIRECT,NOT_ASSESSED,DIRECT,NOT_ASSESSED,NOT_ASSESSED,True,True,False,False,NA,True,False,False,True,True,False,True,True,False,False,False,True,False,True,True,True,False,True
L07,Advances in Skin-on-a-Chip Technologies for Dermatological Disease Modeling.,Cho SW; Malick H; Kim SJ; Grattoni A,2024,Journal of Investigative Dermatology,10.1016/j.jid.2024.01.031,38493383,NA,Narrative review,VERIFIED,NA,FREE_TO_READ,False,True,REVIEW_SYNTHESIS,REVIEW_SYNTHESIS,NA,NA,NA,NA,NA,NA,NA,NOT_ASSESSED,NOT_ASSESSED,NA,NA,NA,NA,NA,NA,NA,NA,NA,Skin-on-chip design review,EXP003;EXP004,NA,https://pubmed.ncbi.nlm.nih.gov/38493383/,NOT_ASSESSED,NOT_ASSESSED,NOT_ASSESSED,NOT_ASSESSED,NOT_ASSESSED,False,False,False,False,NA,False,False,False,False,False,False,False,False,False,False,False,False,False,False,True,True,False,False
L08,Full-Thickness Perfused Skin-on-a-Chip with In Vivo-Like Drug Response for Drug and Cosmetics Testing.,Rhee S; Xia C; Chandra A; Hamon M; Lee G; Yang C; Guo Z; Sun B,2024,Bioengineering,10.3390/bioengineering11111055,39593715,PMC11591533,Primary research,VERIFIED,NA,OPEN_ACCESS,True,False,PRIMARY_EXPERIMENT,RELATED_EXTERNAL_EVIDENCE,Human,Perfused full-thickness skin-on-chip,NA,NA,NA,Fibroblast; keratinocyte,imaging,NOT_ASSESSED,NOT_ASSESSED,NA,NA,ON_REQUEST,NA,NA,NA,NA,NA,NA,Skin-chip assay design; no EV intervention,EXP003;EXP004,"TNF-alpha/dexamethasone inflammatory drug response measured. Data available on reasonable request, no public accession.",https://pubmed.ncbi.nlm.nih.gov/39593715/,NOT_ASSESSED,NOT_ASSESSED,NOT_ASSESSED,NOT_ASSESSED,DIRECT,True,True,False,False,NA,False,False,False,False,False,False,True,True,False,False,True,True,False,False,True,True,False,False
L09,Microfluidic-Based Scratch Assays for Wound Healing Studies: A Systematic Review.,Oliveira FA; Valle NME; Silva KFD; Alves AH; Galanciak MCS; Rosário GM; Mamani JB; Nucci MP; Gamarra LF,2025,Cells,10.3390/cells14241931,41439953,PMC12731330,Systematic review,VERIFIED,NA,OPEN_ACCESS,False,True,REVIEW_SYNTHESIS,REVIEW_SYNTHESIS,NA,NA,NA,NA,NA,NA,NA,NOT_ASSESSED,NOT_ASSESSED,NA,NA,NA,NA,NA,NA,NA,NA,NA,Migration assay design synthesis,EXP004,NA,https://pubmed.ncbi.nlm.nih.gov/41439953/,NOT_ASSESSED,NOT_ASSESSED,NOT_ASSESSED,NOT_ASSESSED,NOT_ASSESSED,False,False,False,False,NA,False,False,False,False,False,False,False,False,False,False,False,False,False,False,False,True,False,False
L10,Single-Cell RNA-seq Analysis Reveals Cellular Functional Heterogeneity in Dermis Between Fibrotic and Regenerative Wound Healing Fates.,Chen CJ; Kajita H; Takaya K; Aramaki-Hattori N; Sakai S; Asou T; Kishi K,2022,Frontiers in Immunology,10.3389/fimmu.2022.875407,35664010,PMC9156976,Primary research,CORRECTED,Supplied title omitted the final word 'Fates'.,OPEN_ACCESS,True,False,PRIMARY_EXPERIMENT,INDEPENDENT_EXTERNAL_EVIDENCE,Mouse,Day-18 murine large skin wounds; reanalysis of GSE141814,NA,NA,NA,Fibroblast; macrophage; endothelial cell; pericyte,scRNA-seq,DIRECT,DIRECT,Regenerative wound dermis and EN1-negative/positive myofibroblast states compared,Fibrotic wound dermis and myofibroblast/macrophage states compared,YES_REUSED,GEO,GSE141814,scRNA-seq,2 pooled libraries,YES,YES,External regenerative/fibrotic context; secondary reanalysis,EXP004,"GSE141814 predates this paper; two pooled libraries, each from 6-8 wounds, are not independent biological replicate libraries. No EV exposure.",https://pubmed.ncbi.nlm.nih.gov/35664010/,INDIRECT,INDIRECT,INDIRECT,INDIRECT,INDIRECT,True,False,True,True,NA,False,True,False,False,False,False,False,False,False,True,False,False,False,False,False,True,False,False
L11,Epidermal stem cell-derived exosomes improve wound healing by promoting the proliferation and migration of human skin fibroblasts.,Kang D; Wang X; Chen W; Mao L; Zhang W; Shi Y; Xie J; Yang R,2024,Burns & Trauma,10.1093/burnst/tkae047,39687464,PMC11647520,Primary research,CORRECTED,"Supplied PMCID points to this EV-fibroblast paper, not the supplied scarless-versus-fibrotic landscape title; that title was not verified.",OPEN_ACCESS,True,False,PRIMARY_EXPERIMENT,INDEPENDENT_EXTERNAL_EVIDENCE,Human; mouse,Human skin fibroblast culture; mouse wound,Epidermal stem cells,Exosome,NA,Fibroblast,bulk RNA-seq; imaging,INDIRECT,NOT_ASSESSED,"Proliferation, migration, collagen synthesis and wound closure measured; scarless outcome not demonstrated",NA,ON_REQUEST,NA,NA,NA,NA,NA,NA,External fibroblast EV phenotypes,EXP002;EXP004;EXP006,Data available from corresponding author on request; collagen synthesis alone does not identify regenerative fate.,https://pubmed.ncbi.nlm.nih.gov/39687464/,DIRECT,DIRECT,DIRECT,NOT_ASSESSED,NOT_ASSESSED,True,False,False,False,NA,True,False,False,False,False,False,True,True,False,True,False,False,False,True,False,True,False,True
L12,Cell Painting: a decade of discovery and innovation in cellular imaging.,Seal S; Trapotsi MA; Spjuth O; Singh S; Carreras-Puigvert J; Greene N; Bender A; Carpenter AE,2025,Nature Methods,10.1038/s41592-024-02528-8,39639168,PMC11810604,Narrative review,VERIFIED,NA,FREE_PMC_MANUSCRIPT,False,True,REVIEW_SYNTHESIS,REVIEW_SYNTHESIS,NA,NA,NA,NA,NA,NA,NA,NOT_ASSESSED,NOT_ASSESSED,NA,NA,NA,NA,NA,NA,NA,NA,NA,Imaging phenomics design synthesis,EXP003;EXP005,Main article DOI verified; separate author correction has DOI 10.1038/s41592-024-02578-y. Journal year 2025; online first 2024.,https://pubmed.ncbi.nlm.nih.gov/39639168/,NOT_ASSESSED,NOT_ASSESSED,NOT_ASSESSED,NOT_ASSESSED,NOT_ASSESSED,False,False,False,False,NA,False,False,False,False,False,False,False,False,False,False,False,False,False,False,True,False,True,False
L13,Intervention-Aware Multiscale Representation Learning from Imaging Phenomics and Perturbation Transcriptomics.,Chen J; Liu R; Gu Z; Zhang P,2026,Proceedings of CVPR,NA,NA,NA,Primary computational methods,VERIFIED,NA,OPEN_ACCESS,True,False,PRIMARY_EXPERIMENT,RELATED_EXTERNAL_EVIDENCE,Human cell lines,Cell Painting and RxRx perturbation benchmark,NA,NA,NA,Other cell lines,bulk RNA-seq; imaging,NOT_ASSESSED,NOT_ASSESSED,NA,NA,YES_REUSED,Public Cell Painting/RxRx/L1000 sources,NA,Perturbation imaging; L1000 expression,NA,NA,NA,Future multimodal method reference; no skin EV evidence,EXP003;EXP005,Reuses public benchmark data; no single paper-specific omics accession verified. arXiv:2604.22832.,https://openaccess.thecvf.com/content/CVPR2026/html/Chen_Intervention-Aware_Multiscale_Representation_Learning_from_Imaging_Phenomics_and_Perturbation_Transcriptomics_CVPR_2026_paper.html,NOT_ASSESSED,NOT_ASSESSED,NOT_ASSESSED,NOT_ASSESSED,NOT_ASSESSED,False,False,False,False,Other cell lines,True,False,False,False,False,False,True,False,False,False,False,False,False,False,True,False,True,False
L14,scGeneScope: A Treatment-Matched Single Cell Imaging and Transcriptomics Dataset and Benchmark for Treatment Response Modeling.,Dapello J; Nassar M; Eksi R; Wang B; Gagnon-Marchand J; Gao K; Baharlouei A; Thrush K; Riehs N; Peterson A; Tolpadi A; Rajagopal A; Miller H; Conard A; Alvarez-Melis D; Stark R; Bianco S; Levine M; Amini A; Lu AX; Fusi N; Pandya R; Pedoia V; El-Samad H,2025,NeurIPS Datasets and Benchmarks Track,10.52202/085713-4706,NA,NA,Primary dataset/methods,VERIFIED,NA,OPEN_ACCESS,True,False,PRIMARY_EXPERIMENT,RELATED_EXTERNAL_EVIDENCE,Human cell line,U2-OS chemical perturbations,NA,NA,NA,U2-OS osteosarcoma cell,scRNA-seq; imaging,NOT_ASSESSED,NOT_ASSESSED,NA,NA,YES,Hugging Face,altoslabs/scGeneScope,scRNA-seq; Cell Painting,NA,YES,YES,"Future multimodal benchmark; non-skin, non-EV",EXP003;EXP005,"28 chemicals, five replicates in two rounds; imaging and scRNA-seq are treatment-matched, not cell-paired. Noncommercial dataset license.",https://proceedings.neurips.cc/paper_files/paper/2025/hash/ce02df43d66626bb7087ec699e20c7ea-Abstract-Datasets_and_Benchmarks_Track.html,NOT_ASSESSED,NOT_ASSESSED,NOT_ASSESSED,NOT_ASSESSED,NOT_ASSESSED,False,False,False,False,U2-OS osteosarcoma cell,False,True,False,False,False,False,True,False,False,False,False,False,False,False,True,False,True,False
L15,Cell Painting Generates Single-Cell Transcriptomics via Conditional Diffusion.,Naidoo R; Hu J; Tripodi G; Bakal C; Chakraborti T,2026,ICML FM4LS workshop / OpenReview,NA,NA,NA,Primary computational methods,CORRECTED,Supplied ICLR-related venue; official accepted-paper list identifies ICML 2026 FM4LS workshop.,OPEN_ACCESS,True,False,PRIMARY_EXPERIMENT,RELATED_EXTERNAL_EVIDENCE,Human cell line,U2-OS scGeneScope benchmark,NA,NA,NA,U2-OS osteosarcoma cell,scRNA-seq; imaging,NOT_ASSESSED,NOT_ASSESSED,NA,NA,YES_REUSED,Hugging Face,altoslabs/scGeneScope,scRNA-seq; Cell Painting,NA,YES,YES,Future image-to-expression method reference; no skin EV evidence,EXP003;EXP005,"Reuses L14 dataset, not independent biological validation; model outputs synthetic embeddings. DOI/PMID/PMCID unverified.",https://icml2026fm4ls.github.io/pages/accepted-paper.html,NOT_ASSESSED,NOT_ASSESSED,NOT_ASSESSED,NOT_ASSESSED,NOT_ASSESSED,False,False,False,False,U2-OS osteosarcoma cell,False,True,False,False,False,False,True,False,False,False,False,False,False,False,True,False,True,False
P00,The Role of Endothelial Cell-Derived Extracellular Vesicles in Modulating Fibroblast Function in Skin Wound Healing.,Yuan H; Salapatas AM; Leonardo TR; Han C; Vegesna B; Debnath K; Chen L; Ravindran S; DiPietro LA,2026,Journal of Investigative Dermatology,10.1016/j.jid.2025.10.584,41161638,PMC13348359,Primary research,VERIFIED,NA,OPEN_ACCESS,True,False,PRIMARY_EXPERIMENT,SAME_DATASET,Human; mouse,Primary human dermal fibroblasts at 72 h; mouse skin wound,Endothelial cells,EV,FGF2 on EVs; ETV1 response,Fibroblast,bulk RNA-seq; imaging,NOT_ASSESSED,INDIRECT,NA,Mouse wounds showed increased collagen density and fibroblast quantity in scar tissue; not proof of anti-fibrotic repair,YES,GEO; INDIGO,GSE293186; 10.25417/uic.30592964,bulk RNA-seq; primary study data,6 for EXP001 72-h comparison,YES,YES,EXP001_PRIMARY_DATA_SOURCE,EXP001;EXP004;EXP006,"Includes scratch migration, mechanistic and mouse experiments beyond EXP001; any concordance with C3 is same-study evidence. ETV1 functional/FGF2 analysis reported.",https://pubmed.ncbi.nlm.nih.gov/41161638/,DIRECT,DIRECT,DIRECT,NOT_ASSESSED,NOT_ASSESSED,True,False,False,False,NA,True,False,False,False,False,False,True,True,False,True,False,False,True,False,False,True,False,True
