package	version	sha256	archive
libblas3	3.12.0-3build1.1	1b0ef0ad0893ff77bf7d5ab75723771788e16137ea1efde557dbac7b7b83a758	libblas3_3.12.0-3build1.1_amd64.deb
libboost-dev	1.83.0.1ubuntu2	6ccd980dde9960f27904d3b8a5ef04b419d7d372f7ca67b2a42083f03950f4be	libboost-dev_1.83.0.1ubuntu2_amd64.deb
libboost1.83-dev	1.83.0-2.1ubuntu3.2	519ecf2c64308527e15b6582955681d192a832250baa4bc424967aaf7d02d68f	libboost1.83-dev_1.83.0-2.1ubuntu3.2_amd64.deb
libgfortran5	14.2.0-4ubuntu2~24.04.1	2b05896c477275ad3473bb63a5ac5a5b8a7e4a6ad6ed7cb23c442ccd1abc28f5	libgfortran5_14.2.0-4ubuntu2~24.04.1_amd64.deb
liblapack3	3.12.0-3build1.1	05ced5049d4fd393e0ae6dc71211e7c07ed0c85e8099649d679cf4b5a1aed59b	liblapack3_3.12.0-3build1.1_amd64.deb
libpaper-utils	1.1.29build1	364e323bc54ecf17c0301ee51a07b1bdc9fe6646e5126b8ddb3bed6ff008b2e9	libpaper-utils_1.1.29build1_amd64.deb
libpaper1	1.1.29build1	63d0cc29eda7adc7d9269273e9b5542b8b6aacabc5e7caaa859995269bfe3cff	libpaper1_1.1.29build1_amd64.deb
libtcl8.6	8.6.14+dfsg-1build1	7534eb825f6317514d747ce53b4d6c23bf24df1dc1785f9599610ece5515e685	libtcl8.6_8.6.14+dfsg-1build1_amd64.deb
libtk8.6	8.6.14-1build1	c5edb6c79c91a9f4c25cf0ad68c3341467a6604cb97789b2ac36c6d3de352725	libtk8.6_8.6.14-1build1_amd64.deb
libxss1	1:1.2.3-1build3	0ac60a2cc034ccc4bf4e2f846f38110469d7ae43b47e808d67aafc538bc3695e	libxss1_1%3a1.2.3-1build3_amd64.deb
littler	0.3.19-1	9060d0387ac628f71c137a98deddc7cf30b62beb25c5839f43d4e4f80e4f6314	littler_0.3.19-1_all.deb
r-base-core	4.3.3-2build2	086f046230727fc896f70cfb459d693023a30a9f6877492554aa7041dac2e576	r-base-core_4.3.3-2build2_amd64.deb
r-bioc-biobase	2.62.0-1	9d2604d5cd0c6f5592364c65d668a10cfcc11cdf92f08ac7128f4a164a849f94	r-bioc-biobase_2.62.0-1_amd64.deb
r-bioc-biocgenerics	0.48.1-2	c327c5093488e22c90cafafb0a87866bb712914cfbfaecadcb1dbb9efa145a3d	r-bioc-biocgenerics_0.48.1-2_all.deb
r-bioc-biocparallel	1.36.0-1	a71fea92ea4d7da9ff7eeb088005dc7f7e316409a50140eab1874214aefe9332	r-bioc-biocparallel_1.36.0-1_amd64.deb
r-bioc-biocversion	3.18.1-1	bc7d8bdad70c65d0252ccd4c48f8fbc950de00e57eafc7112fb497ce735d77da	r-bioc-biocversion_3.18.1-1_all.deb
r-bioc-delayedarray	0.28.0+dfsg-1	a440ef22ac024fb46d4583701263ce76da82137984fcde05526bb3f87018bc5d	r-bioc-delayedarray_0.28.0+dfsg-1_amd64.deb
r-bioc-deseq2	1.42.0+dfsg-1	9aa68b0c5318640041ff5c4746afbfe2058a323d2c640661a19ef6ccb73653d1	r-bioc-deseq2_1.42.0+dfsg-1_amd64.deb
r-bioc-genomeinfodb	1.38.6+dfsg-1	44d953bef64a664b4a50095b8d00359d1a3ae6d4fc6467971f5d8368b0072d3f	r-bioc-genomeinfodb_1.38.6+dfsg-1_all.deb
r-bioc-genomeinfodbdata	1.2.11-2	3685a4cd7f75eaf6eeb28a5c79faeedbb66966bd9c9e45fea14e67197616e5c6	r-bioc-genomeinfodbdata_1.2.11-2_all.deb
r-bioc-genomicranges	1.54.1+dfsg-1	49d523c14e79639293fbfdad98a935b9fac8ae11673f2c3e7222465e22e95b2e	r-bioc-genomicranges_1.54.1+dfsg-1_amd64.deb
r-bioc-iranges	2.36.0-1	0194b0a055986b733db18572c795602b9bfed35c3f7d7b70da2b5993837598e6	r-bioc-iranges_2.36.0-1_amd64.deb
r-bioc-matrixgenerics	1.14.0-1	e22f2ef516469176e97ef5c20e2c07fc4c8eaa7f9aea6bf169563bab61b556e5	r-bioc-matrixgenerics_1.14.0-1_all.deb
r-bioc-s4arrays	1.2.0+dfsg-1	7e7ea07d9dd35c3ed241387ab52b53e6482eb68f69ab5e5e26e597a183420fd4	r-bioc-s4arrays_1.2.0+dfsg-1_amd64.deb
r-bioc-s4vectors	0.40.2+dfsg-1	c42896fec275236366a8646374b69076bf6623a4e17a566fc999fa0286a2e8e0	r-bioc-s4vectors_0.40.2+dfsg-1_amd64.deb
r-bioc-sparsearray	1.2.4+dfsg-1	4fd694bd6d490b607f273b262eafa8555d30f74c7a05343ba98ac854619aa2a5	r-bioc-sparsearray_1.2.4+dfsg-1_amd64.deb
r-bioc-summarizedexperiment	1.32.0+dfsg-1	6573348eb5630af3148a272da11d14339027ad5e61dc12ba5e93341244eaa599	r-bioc-summarizedexperiment_1.32.0+dfsg-1_all.deb
r-bioc-xvector	0.42.0-1	994c573d125e396c0bc6a436c49f55c1619fbbe094fa54b20cf55e048823d451	r-bioc-xvector_0.42.0-1_amd64.deb
r-bioc-zlibbioc	1.48.0+dfsg-1	079f8fbd9c2c4f64c6a6fe37d1506c025791d3572cfacc3d7d428686ef5512e3	r-bioc-zlibbioc_1.48.0+dfsg-1_all.deb
r-cran-abind	1.4-5-2	eb32655c427873d40cfab5ca12eda76cd4d8b7808b7ae4fcd81fc19cb9868028	r-cran-abind_1.4-5-2_all.deb
r-cran-bh	1.84.0-1	78272e193340804cdafce09a26deef8560f1b81415755a57fc7f563b3956410c	r-cran-bh_1.84.0-1_all.deb
r-cran-biocmanager	1.30.22+dfsg-2	d3a55e3de45f240d515f8b79da5cbd759e6b9e2fcafd0364df4b43ac07f15b43	r-cran-biocmanager_1.30.22+dfsg-2_all.deb
r-cran-bitops	1.0-7-1	629ce6b47a3a22e294eec0de46b2905e537a21ab42a51be22ce4dbd525b93049	r-cran-bitops_1.0-7-1_amd64.deb
r-cran-cli	3.6.2-1	cddd0c0206b8fc6b616451f82fc3de80184620ddb170c39c083de491e22c7751	r-cran-cli_3.6.2-1_amd64.deb
r-cran-codetools	0.2-19-1	ac36f55dc85db9abbb95050bead1a531678b62ed347c30558d68738fae8344cf	r-cran-codetools_0.2-19-1_all.deb
r-cran-colorspace	2.1-0+dfsg-1	402477e1763715a7fce8d7bf3fd1bf83d15029f458bed771c94b97c91d6adae2	r-cran-colorspace_2.1-0+dfsg-1_amd64.deb
r-cran-cpp11	0.4.7-1	15cb3396fc0ea8aad91c7c85d781e8ecf0042a7ff4b384b5b4d26de2774c725d	r-cran-cpp11_0.4.7-1_all.deb
r-cran-crayon	1.5.2-1	c313e4d7a3ddf8f771cc93d5a16d2f2be07facdd500dd684afb9e93d7e77bcca	r-cran-crayon_1.5.2-1_all.deb
r-cran-fansi	1.0.5-1	a1d9183bd5e0234d09ecb8cedb01e18721fc96a5694843d6486c319c7ae8f590	r-cran-fansi_1.0.5-1_amd64.deb
r-cran-farver	2.1.1-1	6425241d61eca595cf16a46d01a5bcec12dd519bbd17e9a734f9353b239fa5d4	r-cran-farver_2.1.1-1_amd64.deb
r-cran-formatr	1.14-1	cd77fca9860cb9c321221177984046e72ba6acc46bd52646ce8d2b24eb9cfe7f	r-cran-formatr_1.14-1_all.deb
r-cran-futile.logger	1.4.3-4build1	b1559f3ff878045c64cd9bedadfe65a3ea7b0e3bec1bc93641665a903a08c919	r-cran-futile.logger_1.4.3-4build1_all.deb
r-cran-futile.options	1.0.1-3build1	32a777e68ef98463f4367dc3334902ffc7a2c0bdb0ad732b8f2e1077ef188869	r-cran-futile.options_1.0.1-3build1_all.deb
r-cran-ggplot2	3.4.4+dfsg-1	2cce5d25442b6713f543dc6595486f86a23b31ae7863c8585a33d1f791ba30b5	r-cran-ggplot2_3.4.4+dfsg-1_all.deb
r-cran-glue	1.7.0-1	03d912f4b8c3582de4f80e4404bab70dbf190dc4f1ea03f953eda1fda2882e66	r-cran-glue_1.7.0-1_amd64.deb
r-cran-gtable	0.3.4+dfsg-1	146f95d2bc303830204ba7989d0759cffc9f58f3a3687a4ed2187db99ce0834b	r-cran-gtable_0.3.4+dfsg-1_all.deb
r-cran-isoband	0.2.7-1	b6726ca624fa98bf3d2a5bae17d261dea66bb500e03b003e96c472faa1d2c97e	r-cran-isoband_0.2.7-1_amd64.deb
r-cran-jsonlite	1.8.8+dfsg-1	65297c1b26baf29ded8d107923d42a495f0ff43ef59eac2eae7f530c52b223b8	r-cran-jsonlite_1.8.8+dfsg-1_amd64.deb
r-cran-labeling	0.4.3-1	b48b0e40dc99154d071a35a20238ee55c37f363688774a4492fdb3c58e0484a2	r-cran-labeling_0.4.3-1_all.deb
r-cran-lambda.r	1.2.4-2build1	019d909e575b80f5c1e5229e8d80801d7cd0d9af5867dc8f38503f2dad6cb348	r-cran-lambda.r_1.2.4-2build1_all.deb
r-cran-lattice	0.22-5-1build1	15d059878e2015e278498361a1ed804f678ad49df7e121d12c5b7109cb630d56	r-cran-lattice_0.22-5-1build1_amd64.deb
r-cran-lifecycle	1.0.4+dfsg-1	350c84b5ee11e5a063a0c2f52323e8ed084c9cbc503e99f876e0b2a602de4139	r-cran-lifecycle_1.0.4+dfsg-1_all.deb
r-cran-littler	0.3.19-1	c650b37d903da994f9de37d86986087a233ccd46f7821b2cf8077f6e4c1d72dd	r-cran-littler_0.3.19-1_amd64.deb
r-cran-locfit	1.5-9.8-1	c030f00e57404aa98dcf4a5db3ef9bd6cd1f348edb17712c531b86fc68063658	r-cran-locfit_1.5-9.8-1_amd64.deb
r-cran-magrittr	2.0.3-1	c6c6141030823e20b03359e0b40cbb62c09d7846353a8ee1c2bafce32da97115	r-cran-magrittr_2.0.3-1_amd64.deb
r-cran-mass	7.3-60.0.1-1	3ee6446f935e9903af3725a9d513bf940121d5df9ee0683d333e81000163f497	r-cran-mass_7.3-60.0.1-1_amd64.deb
r-cran-matrix	1.6-5-1	f8aa734f864b71fce937df2b5b4cb080ef17c1e8de2f7e7b0ff7f5f8ebe1cf0d	r-cran-matrix_1.6-5-1_amd64.deb
r-cran-matrixstats	1.2.0-1	99f4d230821ef184973626964653f7ab9dda9ed8015e566a073fbe7b8cd9eb58	r-cran-matrixstats_1.2.0-1_amd64.deb
r-cran-mgcv	1.9-1-1	2ccb4e97bc74e43338df91af4674e0f547cb05b997ed4c31ed2d7f2900e5c6eb	r-cran-mgcv_1.9-1-1_amd64.deb
r-cran-munsell	0.5.0-2build1	99d6ea7647f23feab22ecb1da1e1dd54d978b728eedced0227da8d401093b848	r-cran-munsell_0.5.0-2build1_all.deb
r-cran-nlme	3.1.164-1build1	f20cc181e825a9f036eba92bca7ea7a87142c9c28e90f86359aab06c431214f7	r-cran-nlme_3.1.164-1build1_amd64.deb
r-cran-pillar	1.9.0+dfsg-1	56bbd321ba082fa3bd1160f92d7fe48f669de69ff982bc9e7a0af08e13686251	r-cran-pillar_1.9.0+dfsg-1_all.deb
r-cran-pkgconfig	2.0.3-2build1	f788db2f2e1db3615f6d216ce3784a28f139344fd2999e0b28c1b45c4f6283c2	r-cran-pkgconfig_2.0.3-2build1_all.deb
r-cran-pkgkitten	0.2.3-1	bcf2aef9ab750eb023004d352a7081474a364055c63e79062640ffc5ab9ef0ed	r-cran-pkgkitten_0.2.3-1_all.deb
r-cran-r6	2.5.1-1	ca6d82cd8475ccd9b48b3130d1c8d6b4832f6fdc991f0cc9b6ce99014702a29d	r-cran-r6_2.5.1-1_all.deb
r-cran-rcolorbrewer	1.1-3-1build1	8231bdd80bbb33de2f6acf1867a285f304a1bedf0525eb98470a7d8af4e38d27	r-cran-rcolorbrewer_1.1-3-1build1_all.deb
r-cran-rcpp	1.0.12-1	8f10901160b2031e408c70d09b0f0c0960532ea4fbcc0760d1a2e6fe549d87a0	r-cran-rcpp_1.0.12-1_amd64.deb
r-cran-rcpparmadillo	0.12.8.1.0-1build1	32862c33ee013075740551966cafac9e0fad2018606564d2c5fa9dda0a36659f	r-cran-rcpparmadillo_0.12.8.1.0-1build1_amd64.deb
r-cran-rcurl	1.98-1.14+dfsg-1build2	da1f8411e1917dcb7322e3985293a087c48ea9cac617d0ddf51cd2e0eb53b004	r-cran-rcurl_1.98-1.14+dfsg-1build2_amd64.deb
r-cran-rlang	1.1.3-1	104779f26a6a1b0173eea580ceb0b3f43637757ee2526870021d2379da7688e4	r-cran-rlang_1.1.3-1_amd64.deb
r-cran-scales	1.3.0-1	7cea32b1627321e3b5764dcbc5e962f71b5608ea629f7d0299db4905114b1931	r-cran-scales_1.3.0-1_all.deb
r-cran-snow	1:0.4.4-2	8be6ef562311090e042c0f8d4ce4ee0bde6444e1d70a75e724373cc427dbe52a	r-cran-snow_1%3a0.4.4-2_all.deb
r-cran-tibble	3.2.1+dfsg-2	8cc8b9345c1bc9743e2048a8ef1a896d62eca5b16c98dd02308f271b00acf79c	r-cran-tibble_3.2.1+dfsg-2_amd64.deb
r-cran-utf8	1.2.4-1	630be9c3c646140ca7fb15735f93393731be84803b96f23377fe3ba00b647ca9	r-cran-utf8_1.2.4-1_amd64.deb
r-cran-vctrs	0.6.5-1	395f564852d926a19483fe74ffaeb962c0c74eb0cf06da8ca52e821a4af7dab2	r-cran-vctrs_0.6.5-1_amd64.deb
r-cran-viridislite	0.4.2-2	eb668519cfd0a7cf10c72de48646b57b2331b866305b9235fb3b4e65186181ad	r-cran-viridislite_0.4.2-2_all.deb
r-cran-withr	2.5.0-1	5dab9781c52bfc2abdbdc56be35082e8a0efa741d12941f09c768ff6a2ce518d	r-cran-withr_2.5.0-1_all.deb
unzip	6.0-28ubuntu4.1	a505b9d491386167bd8e14e3383315a4a7d6539e4406745901ccf009a7988271	unzip_6.0-28ubuntu4.1_amd64.deb
xdg-utils	1.1.3-4.1ubuntu3	499ad8b146f8d6f092ada8f878e7c6d93239caf29ce92c1381fe94e314169986	xdg-utils_1.1.3-4.1ubuntu3_all.deb
zip	3.0-13ubuntu0.2	30b325b542ef8e9a22a5e1e1cfce8c4f4b75db73e339e76bf405b635861f1f76	zip_3.0-13ubuntu0.2_amd64.deb
