direction,direction_rank,gene_id,gene_symbol,baseMean,log2FoldChange,lfcSE,stat,pvalue,padj
UP,1,ENSG00000112096,,7584.24445140551,2.23366670167518,0.120259140198113,18.5737790740518,5.2383022100256496e-77,7.267620486189591e-73
UP,2,ENSG00000124875,CXCL6,404.31146946513,2.65888162754466,0.166650155125707,15.9548704022449,2.6352011274929e-57,1.82803902214182e-53
UP,3,ENSG00000163739,CXCL1,102.256112443191,3.0903316947594,0.289234592026119,10.6845162368419,1.2027446420796199e-26,5.56229305473757e-23
UP,4,ENSG00000090339,ICAM1,111.357930795598,2.36954841017991,0.251399179976691,9.4254420813927,4.28297508971096e-21,1.4855499098662502e-17
UP,5,ENSG00000118503,TNFAIP3,242.106416033838,1.49499998274882,0.170812636689394,8.75227975941456,2.09085295558796e-18,5.801698781165471e-15
UP,6,ENSG00000125730,C3,3387.46147352959,1.7183101533342,0.202766873337966,8.47431399935909,2.36468821866045e-17,5.46794739094919e-14
UP,7,ENSG00000138821,SLC39A8,606.06174318713,1.1407671756951,0.149906932079556,7.60983604874051,2.74443837566784e-14,5.4394768605736593e-11
UP,8,ENSG00000108691,CCL2,428.57370100995,2.03179661283479,0.270378766110351,7.51463083460312,5.70717483763818e-14,9.897667962174009e-11
UP,9,ENSG00000100906,NFKBIA,421.213153463214,1.12366863484209,0.159015364575131,7.06641548660652,1.5898692393539199e-12,2.45087175853292e-09
UP,10,ENSG00000135373,EHF,94.1408183588147,1.96299117947143,0.288735419305833,6.79858115152889,1.05654493922652e-11,1.46585044868287e-08
