"gene_id","gene_symbol","baseMean","log2FoldChange","lfcSE","stat","pvalue","padj"
"ENSG00000112096",,7584.24445140551,2.23366670167518,0.120259140198113,18.5737790740518,5.23830221002565e-77,7.26762048618959e-73
"ENSG00000124875","CXCL6",404.31146946513,2.65888162754466,0.166650155125707,15.9548704022449,2.6352011274929e-57,1.82803902214182e-53
"ENSG00000163739","CXCL1",102.256112443191,3.0903316947594,0.289234592026119,10.6845162368419,1.20274464207962e-26,5.56229305473757e-23
"ENSG00000090339","ICAM1",111.357930795598,2.36954841017991,0.251399179976691,9.4254420813927,4.28297508971096e-21,1.48554990986625e-17
"ENSG00000118503","TNFAIP3",242.106416033838,1.49499998274882,0.170812636689394,8.75227975941456,2.09085295558796e-18,5.80169878116547e-15
"ENSG00000125730","C3",3387.46147352959,1.7183101533342,0.202766873337966,8.47431399935909,2.36468821866045e-17,5.46794739094919e-14
"ENSG00000138821","SLC39A8",606.06174318713,1.1407671756951,0.149906932079556,7.60983604874051,2.74443837566784e-14,5.43947686057366e-11
"ENSG00000108691","CCL2",428.57370100995,2.03179661283479,0.270378766110351,7.51463083460312,5.70717483763818e-14,9.89766796217401e-11
"ENSG00000100906","NFKBIA",421.213153463214,1.12366863484209,0.159015364575131,7.06641548660652,1.58986923935392e-12,2.45087175853292e-09
"ENSG00000135373","EHF",94.1408183588147,1.96299117947143,0.288735419305833,6.79858115152889,1.05654493922652e-11,1.46585044868287e-08
"ENSG00000162692","VCAM1",192.512569895797,1.13604232833322,0.189993884294134,5.9793626124012,2.24012401365967e-09,2.82540732413766e-06
"ENSG00000185215","TNFAIP2",470.94476597065,1.17472199842444,0.208926136726858,5.62266654056895,1.88032146018844e-08,2.17396499488787e-05
"ENSG00000023445","BIRC3",24.6274850086611,2.40326281818363,0.438379154258713,5.48215578874292,4.20173969116971e-08,4.4842258827145e-05
"ENSG00000008517","IL32",40.5170647131655,2.68819221195844,0.4990999154115,5.38608027962111,7.20108089758192e-08,7.13627116950369e-05
"ENSG00000169429","CXCL8",11.1435824810385,3.30478700907382,0.749875716473759,4.40711298748859,1.04757548874499e-05,0.00908378895677999
"ENSG00000108688","CCL7",39.2003121093815,2.21749589899923,0.505621335751402,4.38568498242627,1.15621350753743e-05,0.00943606247269073
"ENSG00000163735","CXCL5",91.3887066495042,1.58343895159168,0.362087691507567,4.3730814074319,1.2250501605376e-05,0.00944241440405484
"ENSG00000172156","CCL11",29.3072906117861,1.76785286289101,0.413818245300996,4.27205151770227,1.9368281392624e-05,0.0141429229495403
"ENSG00000104856","RELB",197.680964446309,1.4953201867205,0.362995939227086,4.11938543969509,3.79884235514e-05,0.0219604745146718
"ENSG00000172817","CYP7B1",23.4614125190689,1.84283117805051,0.467479875554878,3.94205456622738,8.07865906043923e-05,0.0448333263218135
