run_accession	experiment_accession	sample_accession	secondary_sample_accession	instrument_platform	instrument_model	library_strategy	fastq_bytes	fastq_ftp
SRR33006688	SRX28272724	SAMN47817680	SRS24618840	ILLUMINA	Illumina NovaSeq 6000	RNA-Seq	1472615964;1571445113	ftp.sra.ebi.ac.uk/vol1/fastq/SRR330/088/SRR33006688/SRR33006688_1.fastq.gz;ftp.sra.ebi.ac.uk/vol1/fastq/SRR330/088/SRR33006688/SRR33006688_2.fastq.gz
SRR33006691	SRX28272721	SAMN47817683	SRS24618837	ILLUMINA	Illumina NovaSeq 6000	RNA-Seq	1737106898;1867172372	ftp.sra.ebi.ac.uk/vol1/fastq/SRR330/091/SRR33006691/SRR33006691_1.fastq.gz;ftp.sra.ebi.ac.uk/vol1/fastq/SRR330/091/SRR33006691/SRR33006691_2.fastq.gz
SRR33006692	SRX28272720	SAMN47817684	SRS24618836	ILLUMINA	Illumina NovaSeq 6000	RNA-Seq	1461063077;1556723204	ftp.sra.ebi.ac.uk/vol1/fastq/SRR330/092/SRR33006692/SRR33006692_1.fastq.gz;ftp.sra.ebi.ac.uk/vol1/fastq/SRR330/092/SRR33006692/SRR33006692_2.fastq.gz
SRR33006693	SRX28272719	SAMN47817685	SRS24618835	ILLUMINA	Illumina NovaSeq 6000	RNA-Seq	1467176067;1539798389	ftp.sra.ebi.ac.uk/vol1/fastq/SRR330/093/SRR33006693/SRR33006693_1.fastq.gz;ftp.sra.ebi.ac.uk/vol1/fastq/SRR330/093/SRR33006693/SRR33006693_2.fastq.gz
SRR33006698	SRX28272714	SAMN47817690	SRS24618830	ILLUMINA	Illumina NovaSeq 6000	RNA-Seq	1602321177;1744502974	ftp.sra.ebi.ac.uk/vol1/fastq/SRR330/098/SRR33006698/SRR33006698_1.fastq.gz;ftp.sra.ebi.ac.uk/vol1/fastq/SRR330/098/SRR33006698/SRR33006698_2.fastq.gz
SRR33006699	SRX28272713	SAMN47817691	SRS24618829	ILLUMINA	Illumina NovaSeq 6000	RNA-Seq	1406683265;1513905956	ftp.sra.ebi.ac.uk/vol1/fastq/SRR330/099/SRR33006699/SRR33006699_1.fastq.gz;ftp.sra.ebi.ac.uk/vol1/fastq/SRR330/099/SRR33006699/SRR33006699_2.fastq.gz
SRR33006690	SRX28272722	SAMN47817682	SRS24618838	ILLUMINA	Illumina NovaSeq 6000	RNA-Seq	1472843660;1540000258	ftp.sra.ebi.ac.uk/vol1/fastq/SRR330/090/SRR33006690/SRR33006690_1.fastq.gz;ftp.sra.ebi.ac.uk/vol1/fastq/SRR330/090/SRR33006690/SRR33006690_2.fastq.gz
SRR33006695	SRX28272717	SAMN47817687	SRS24618833	ILLUMINA	Illumina NovaSeq 6000	RNA-Seq	1669272714;1736387596	ftp.sra.ebi.ac.uk/vol1/fastq/SRR330/095/SRR33006695/SRR33006695_1.fastq.gz;ftp.sra.ebi.ac.uk/vol1/fastq/SRR330/095/SRR33006695/SRR33006695_2.fastq.gz
SRR33006697	SRX28272715	SAMN47817689	SRS24618831	ILLUMINA	Illumina NovaSeq 6000	RNA-Seq	1535510114;1663503856	ftp.sra.ebi.ac.uk/vol1/fastq/SRR330/097/SRR33006697/SRR33006697_1.fastq.gz;ftp.sra.ebi.ac.uk/vol1/fastq/SRR330/097/SRR33006697/SRR33006697_2.fastq.gz
SRR33006689	SRX28272723	SAMN47817681	SRS24618839	ILLUMINA	Illumina NovaSeq 6000	RNA-Seq	1470547457;1560316990	ftp.sra.ebi.ac.uk/vol1/fastq/SRR330/089/SRR33006689/SRR33006689_1.fastq.gz;ftp.sra.ebi.ac.uk/vol1/fastq/SRR330/089/SRR33006689/SRR33006689_2.fastq.gz
SRR33006694	SRX28272718	SAMN47817686	SRS24618834	ILLUMINA	Illumina NovaSeq 6000	RNA-Seq	1675338888;1750181829	ftp.sra.ebi.ac.uk/vol1/fastq/SRR330/094/SRR33006694/SRR33006694_1.fastq.gz;ftp.sra.ebi.ac.uk/vol1/fastq/SRR330/094/SRR33006694/SRR33006694_2.fastq.gz
SRR33006696	SRX28272716	SAMN47817688	SRS24618832	ILLUMINA	Illumina NovaSeq 6000	RNA-Seq	1508934871;1617797879	ftp.sra.ebi.ac.uk/vol1/fastq/SRR330/096/SRR33006696/SRR33006696_1.fastq.gz;ftp.sra.ebi.ac.uk/vol1/fastq/SRR330/096/SRR33006696/SRR33006696_2.fastq.gz
